epoch,step,loss_contrastive,loss_order,loss_domain,loss_total,time_s
0,0,2.831939697265625,1.884307861328125,1.779022216796875,3.930938720703125,9.71
0,1,1.1616859436035156,1.747039794921875,1.793212890625,2.223761796951294,10.22
0,2,0.5822958946228027,2.1220703125,1.625823974609375,1.7066642045974731,11.43
0,3,0.38413143157958984,1.9385528564453125,1.6645965576171875,1.465076208114624,11.95
0,4,0.41423463821411133,1.952728271484375,1.507843017578125,1.4524060487747192,14.44
0,5,0.3518400192260742,1.879425048828125,1.59600830078125,1.394469976425171,14.95
0,6,0.30451226234436035,1.965057373046875,1.480224609375,1.3380968570709229,17.46
0,7,0.36861276626586914,1.831268310546875,1.4695510864257812,1.358858585357666,17.97
0,8,0.3948698043823242,1.9522705078125,1.4969482421875,1.4296355247497559,20.5
0,9,0.17905330657958984,1.846343994140625,1.3702850341796875,1.1440420150756836,21.02
0,10,0.44040489196777344,1.8155517578125,1.4890289306640625,1.431779146194458,23.48
0,11,0.210313081741333,1.827117919921875,1.2126502990722656,1.1222436428070068,24.0
0,12,0.2333204746246338,1.834503173828125,1.4920806884765625,1.2312957048416138,26.47
0,13,0.15691256523132324,1.8194580078125,1.1836280822753906,1.0578384399414062,26.99
0,14,0.2545640468597412,1.734405517578125,1.9192428588867188,1.350658655166626,29.42
0,15,0.26759231090545654,1.8206787109375,1.948883056640625,1.398460865020752,29.93
0,16,0.17313694953918457,1.878204345703125,1.6792831420898438,1.2403831481933594,32.43
0,17,0.2174389362335205,1.8612060546875,1.5209274291992188,1.232079029083252,32.94
0,18,0.16960370540618896,1.815826416015625,1.713775634765625,1.2284843921661377,35.46
0,19,0.2103109359741211,1.800537109375,1.7547073364257812,1.2768843173980713,35.97
0,20,0.15537095069885254,1.8150634765625,1.754119873046875,1.226125955581665,38.44
0,21,0.23261594772338867,1.894500732421875,1.7016143798828125,1.311450481414795,38.95
0,22,0.23652207851409912,1.80047607421875,1.5094375610351562,1.2294962406158447,41.45
0,23,0.19299030303955078,1.786163330078125,2.067840576171875,1.3491915464401245,41.97
0,24,0.2908000946044922,1.8236083984375,1.827117919921875,1.3860180377960205,44.44
0,25,0.1285247802734375,1.80999755859375,1.9004058837890625,1.2416458129882812,44.95
0,26,0.17275333404541016,1.79266357421875,1.85833740234375,1.2680537700653076,47.54
0,27,0.22234511375427246,1.76397705078125,1.8967437744140625,1.320561408996582,48.05
0,28,0.10952574014663696,1.786376953125,1.722900390625,1.162308931350708,50.5
0,29,0.25441741943359375,1.800262451171875,1.7351455688476562,1.315039873123169,51.01
0,30,0.20260071754455566,1.81732177734375,1.484466552734375,1.1931371688842773,53.48
0,31,0.24227309226989746,1.82025146484375,1.81268310546875,1.332153558731079,53.99
0,32,0.22873449325561523,1.82122802734375,1.67608642578125,1.2779288291931152,56.44
0,33,0.24379897117614746,1.78204345703125,1.549896240234375,1.2433809041976929,56.95
0,34,0.27041125297546387,1.824310302734375,1.8726043701171875,1.3794857263565063,59.48
0,35,0.19552409648895264,1.849822998046875,1.6120452880859375,1.2340846061706543,60.0
0,36,0.19379651546478271,1.837249755859375,1.6242446899414062,1.232244849205017,62.48
0,37,0.18484997749328613,1.81854248046875,1.6255340576171875,1.2180728912353516,62.99
0,38,0.10892033576965332,1.786468505859375,1.757659912109375,1.17215895652771,65.47
0,39,0.12551093101501465,1.81158447265625,1.7438812255859375,1.1921507120132446,65.98
0,40,0.22536075115203857,1.77154541015625,1.8008270263671875,1.2970725297927856,68.46
0,41,0.23922181129455566,1.804656982421875,1.535430908203125,1.2412481307983398,68.97
0,42,0.1478973627090454,1.78424072265625,1.6065902709960938,1.1651467084884644,71.44
0,43,0.2274816632270813,1.791778564453125,1.899993896484375,1.3350133895874023,71.96
0,44,0.2114260196685791,1.774383544921875,1.8277130126953125,1.2920550107955933,74.47
0,45,0.18525856733322144,1.774444580078125,1.6953582763671875,1.2261993885040283,74.98
0,46,0.237526535987854,1.789886474609375,1.951629638671875,1.3599814176559448,77.47
0,47,0.15475702285766602,1.7716064453125,1.742095947265625,1.2088677883148193,77.98
0,48,0.1523604393005371,1.7825927734375,1.9137725830078125,1.2612700462341309,80.4
0,49,0.3414562940597534,1.803955078125,2.191802978515625,1.5401837825775146,80.97
0,50,0.16665363311767578,1.802642822265625,1.9866180419921875,1.3034319877624512,83.35
0,51,0.1260586977005005,1.792510986328125,1.954986572265625,1.2503080368041992,83.91
0,52,0.12424719333648682,1.791046142578125,1.9543609619140625,1.2478693723678589,86.33
0,53,0.26401567459106445,1.8126220703125,1.94921875,1.3925679922103882,86.98
0,54,0.2990298271179199,1.759368896484375,1.9203643798828125,1.4029498100280762,89.44
0,55,0.15560412406921387,1.798919677734375,1.830657958984375,1.2444775104522705,89.95
0,56,0.16253983974456787,1.7977294921875,1.7947998046875,1.2402987480163574,92.39
0,57,0.13307666778564453,1.809906005859375,1.848114013671875,1.230482816696167,92.9
0,58,0.18811869621276855,1.765228271484375,1.85797119140625,1.275078535079956,95.37
0,59,0.2574808597564697,1.818359375,1.886566162109375,1.368958592414856,95.88
0,60,0.12296438217163086,1.798187255859375,1.8189239501953125,1.2080976963043213,98.19
1,0,0.20418620109558105,1.769134521484375,1.9621429443359375,1.3235695362091064,107.27
1,1,0.13660621643066406,1.81256103515625,1.890045166015625,1.2473881244659424,107.79
1,2,0.20809197425842285,1.81341552734375,1.8444976806640625,1.3054659366607666,110.07
1,3,0.15944510698318481,1.797027587890625,1.832550048828125,1.2483184337615967,110.58
1,4,0.2950805425643921,1.7861328125,1.989044189453125,1.4276337623596191,115.55
1,5,0.2981584072113037,1.787811279296875,1.851959228515625,1.390089511871338,116.06
1,6,0.11673140525817871,1.825439453125,1.9537353515625,1.2504838705062866,118.62
1,7,0.3000679016113281,1.798431396484375,1.910186767578125,1.4126534461975098,119.13
1,8,0.0920109748840332,1.82452392578125,1.823333740234375,1.1863683462142944,121.72
1,9,0.09300374984741211,1.822845458984375,1.903778076171875,1.2109909057617188,122.23
1,10,0.2685352563858032,1.800994873046875,1.771881103515625,1.3403980731964111,124.69
1,11,0.14663612842559814,1.803497314453125,1.919189453125,1.2634422779083252,125.21
1,12,0.2730060815811157,1.760498046875,1.985595703125,1.3968342542648315,127.88
1,13,0.19746631383895874,1.765625,1.924652099609375,1.3045494556427002,130.01
1,14,0.23035097122192383,1.80975341796875,1.788909912109375,1.3099501132965088,135.73
1,15,0.2560039758682251,1.82489013671875,1.810333251953125,1.3465709686279297,136.24
1,16,0.3198944330215454,1.789398193359375,1.827606201171875,1.4049957990646362,138.77
1,17,0.20535683631896973,1.806121826171875,1.78021240234375,1.281257152557373,139.29
1,18,0.10278987884521484,1.8199462890625,1.8037109375,1.1898870468139648,141.86
1,19,0.1741124391555786,1.83111572265625,1.827178955078125,1.2716009616851807,142.38
1,20,0.2556823492050171,1.799835205078125,1.88983154296875,1.3625824451446533,144.88
1,21,0.18834972381591797,1.755523681640625,1.7939453125,1.253190517425537,145.39
1,22,0.2302265167236328,1.80169677734375,1.809967041015625,1.3137257099151611,147.91
1,23,0.2862147092819214,1.768890380859375,1.875335693359375,1.3794825077056885,148.42
1,24,0.268049955368042,1.81353759765625,1.848907470703125,1.3667834997177124,150.97
1,25,0.15189194679260254,1.784576416015625,1.78814697265625,1.2237091064453125,151.48
1,26,0.18757712841033936,1.789794921875,1.823272705078125,1.2714974880218506,154.05
1,27,0.1909773349761963,1.80279541015625,1.830841064453125,1.2810683250427246,154.57
1,28,0.3383420705795288,1.8077392578125,1.824005126953125,1.4278655052185059,156.99
1,29,0.18794703483581543,1.751068115234375,1.840972900390625,1.265559434890747,157.51
1,30,0.18343031406402588,1.757110595703125,1.86029052734375,1.268650770187378,159.96
1,31,0.3424344062805176,1.792572021484375,1.71136474609375,1.393615484237671,160.47
1,32,0.302945077419281,1.76318359375,1.789337158203125,1.3687013387680054,162.97
1,33,0.2568480968475342,1.812469482421875,1.85662841796875,1.3575775623321533,163.49
1,34,0.13270485401153564,1.84832763671875,1.78253173828125,1.2219626903533936,166.04
1,35,0.1578216552734375,1.761688232421875,1.77606201171875,1.219146728515625,166.56
1,36,0.25316548347473145,1.780914306640625,1.7874755859375,1.3236825466156006,169.03
1,37,0.10867953300476074,1.7801513671875,1.72943115234375,1.1615543365478516,169.54
1,38,0.17157673835754395,1.750946044921875,1.796630859375,1.2358498573303223,172.01
1,39,0.17712146043777466,1.803314208984375,1.7683258056640625,1.2486135959625244,172.53
1,40,0.17299628257751465,1.786529541015625,1.780609130859375,1.2431379556655884,174.99
1,41,0.17508983612060547,1.79888916015625,1.77410888671875,1.2469892501831055,175.5
1,42,0.1992490291595459,1.798736572265625,1.770477294921875,1.2700132131576538,178.02
1,43,0.1927037239074707,1.76959228515625,1.77178955078125,1.2551183700561523,178.53
1,44,0.20195740461349487,1.773651123046875,1.805999755859375,1.2758526802062988,181.08
1,45,0.20269274711608887,1.80816650390625,1.802337646484375,1.285844087600708,181.59
1,46,0.17620360851287842,1.758026123046875,1.75848388671875,1.2311567068099976,184.1
1,47,0.12978589534759521,1.766815185546875,1.79302978515625,1.1977393627166748,184.61
1,48,0.14019989967346191,1.75750732421875,1.83880615234375,1.2190940380096436,187.08
1,49,0.12258851528167725,1.810882568359375,1.79095458984375,1.2031397819519043,187.59
1,50,0.13167119026184082,1.8009033203125,1.80615234375,1.2137880325317383,190.09
1,51,0.21954095363616943,1.83575439453125,1.746002197265625,1.2940679788589478,190.6
1,52,0.1917089819908142,1.745361328125,1.758880615234375,1.2429816722869873,193.2
1,53,0.1441023349761963,1.748382568359375,1.709136962890625,1.1813582181930542,193.71
1,54,0.12932515144348145,1.769989013671875,1.791595458984375,1.197800636291504,196.33
1,55,0.18446850776672363,1.84832763671875,1.709930419921875,1.251945972442627,196.84
1,56,0.09069681167602539,1.74713134765625,1.78912353515625,1.1515733003616333,199.41
1,57,0.13443255424499512,1.76904296875,1.761627197265625,1.1936335563659668,199.92
1,58,0.07102394104003906,1.76678466796875,1.76922607421875,1.1318272352218628,202.45
1,59,0.08934193849563599,1.785797119140625,1.796539306640625,1.1640429496765137,202.97
1,60,0.10318183898925781,1.785888671875,1.7509765625,1.1642414331436157,205.3
2,0,0.16243207454681396,1.775482177734375,1.71453857421875,1.2094383239746094,209.65
2,1,0.09496283531188965,1.734893798828125,1.771087646484375,1.1467573642730713,210.16
2,2,0.10474944114685059,1.788604736328125,1.764495849609375,1.1706796884536743,212.66
2,3,0.1900167465209961,1.776153564453125,1.835357666015625,1.273470163345337,213.17
2,4,0.08394026756286621,1.789581298828125,1.777435302734375,1.1540453433990479,215.64
2,5,0.14189398288726807,1.72442626953125,1.7247314453125,1.1766413450241089,216.16
2,6,0.25073254108428955,1.81427001953125,1.815460205078125,1.3396515846252441,221.27
2,7,0.2052311897277832,1.716888427734375,1.762451171875,1.2490332126617432,221.78
2,8,0.10656261444091797,1.80963134765625,1.799652099609375,1.189347743988037,224.31
2,9,0.15367329120635986,1.739593505859375,1.795379638671875,1.214165210723877,224.82
2,10,0.13552188873291016,1.802886962890625,1.714935302734375,1.190868616104126,227.42
2,11,0.17262983322143555,1.734222412109375,1.796142578125,1.2317394018173218,227.93
2,12,0.16561949253082275,1.7822265625,1.796112060546875,1.2391210794448853,230.56
2,13,0.10643899440765381,1.783233642578125,1.8778076171875,1.2047514915466309,231.07
2,14,0.09980642795562744,1.78216552734375,1.822723388671875,1.1812732219696045,233.66
2,15,0.14436805248260498,1.7447509765625,1.78741455078125,1.2040177583694458,234.18
2,16,0.19240856170654297,1.72344970703125,1.80816650390625,1.2518935203552246,236.63
2,17,0.1567091941833496,1.793487548828125,1.722381591796875,1.2114700078964233,237.14
2,18,0.0575442910194397,1.78936767578125,1.82666015625,1.1423527002334595,239.66
2,19,0.09006619453430176,1.774444580078125,1.733734130859375,1.1425198316574097,240.17
2,20,0.12165844440460205,1.8123779296875,1.807342529296875,1.2075746059417725,242.71
2,21,0.08262109756469727,1.7896728515625,1.76824951171875,1.1499979496002197,243.22
2,22,0.06419086456298828,1.83782958984375,1.83477783203125,1.16597318649292,245.72
2,23,0.10952615737915039,1.735321044921875,1.81365966796875,1.174220323562622,246.24
2,24,0.14359831809997559,1.7691650390625,1.786224365234375,1.2102152109146118,248.75
2,25,0.16628527641296387,1.808746337890625,1.8720703125,1.270530343055725,249.26
2,26,0.06576251983642578,1.79046630859375,1.8013916015625,1.143319845199585,251.86
2,27,0.16538375616073608,1.7493743896484375,1.805267333984375,1.231776237487793,252.37
2,28,0.13195502758026123,1.751190185546875,1.77978515625,1.1912477016448975,254.85
2,29,0.055404603481292725,1.768310546875,1.807708740234375,1.128210425376892,255.36
2,30,0.06037116050720215,1.719024658203125,1.7637939453125,1.1052167415618896,257.89
2,31,0.10838079452514648,1.74560546875,1.769195556640625,1.1628210544586182,258.41
2,32,0.0961102843284607,1.74517822265625,1.76043701171875,1.1477949619293213,260.96
2,33,0.17074787616729736,1.77386474609375,1.860595703125,1.2610859870910645,261.48
2,34,0.1570415496826172,1.75543212890625,1.86407470703125,1.2428936958312988,263.99
2,35,0.06948602199554443,1.767425537109375,1.74163818359375,1.122205138206482,264.51
2,36,0.07827568054199219,1.74652099609375,1.842742919921875,1.1550548076629639,267.06
2,37,0.11321914196014404,1.76739501953125,1.8681640625,1.2038869857788086,267.57
2,38,0.1456470489501953,1.72271728515625,1.77386474609375,1.1946216821670532,270.17
2,39,0.15728670358657837,1.689910888671875,1.876434326171875,1.2271902561187744,270.68
2,40,0.0987323522567749,1.6275634765625,1.8162841796875,1.1318867206573486,273.25
2,41,0.06815958023071289,1.757049560546875,1.84136962890625,1.1476852893829346,273.76
2,42,0.13723886013031006,1.80474853515625,1.836883544921875,1.2297284603118896,276.28
2,43,0.09975588321685791,1.827362060546875,1.79931640625,1.1877593994140625,276.8
2,44,0.1654665470123291,1.711334228515625,1.802734375,1.2196872234344482,279.31
2,45,0.1162039041519165,1.72186279296875,1.770294189453125,1.163851022720337,279.83
2,46,0.14145851135253906,1.700469970703125,1.853302001953125,1.207590103149414,282.36
2,47,0.0884695053100586,1.78045654296875,1.820037841796875,1.1686179637908936,282.88
2,48,0.19636952877044678,1.740631103515625,1.7850341796875,1.254069209098816,285.48
2,49,0.07886946201324463,1.70745849609375,1.815460205078125,1.1357450485229492,285.99
2,50,0.07099473476409912,1.663604736328125,1.8536376953125,1.1261675357818604,288.52
2,51,0.11109626293182373,1.6572418212890625,1.83465576171875,1.158665657043457,289.03
2,52,0.15104448795318604,1.836334228515625,1.865570068359375,1.2616157531738281,291.55
2,53,0.1877293586730957,1.680267333984375,1.816650390625,1.236804723739624,292.07
2,54,0.15325915813446045,1.6618804931640625,1.76275634765625,1.180650234222412,294.55
2,55,0.20413291454315186,1.787078857421875,1.8748779296875,1.302720069885254,295.06
2,56,0.05588209629058838,1.720916748046875,1.771514892578125,1.103611707687378,297.61
2,57,0.06972265243530273,1.751190185546875,1.825592041015625,1.1427574157714844,298.12
2,58,0.07648122310638428,1.7848052978515625,1.869293212890625,1.17271089553833,300.64
2,59,0.1170891523361206,1.73388671875,1.838623046875,1.1888420581817627,301.15
2,60,0.06344687938690186,1.7562255859375,1.8201904296875,1.1363717317581177,303.46
3,0,0.11079883575439453,1.6390380859375,1.78204345703125,1.1371233463287354,308.01
3,1,0.09139645099639893,1.628662109375,1.788604736328125,1.1165765523910522,308.53
3,2,0.11602580547332764,1.6560211181640625,1.7921142578125,1.1504664421081543,311.08
3,3,0.2310660481452942,1.650665283203125,1.839569091796875,1.2781364917755127,311.59
3,4,0.05604434013366699,1.711151123046875,1.861480712890625,1.1278339624404907,316.71
3,5,0.07651376724243164,1.686798095703125,1.80169677734375,1.123062252998352,317.23
3,6,0.041899800300598145,1.724700927734375,1.833740234375,1.1094322204589844,319.73
3,7,0.12573528289794922,1.670928955078125,1.768096923828125,1.1574430465698242,320.24
3,8,0.08327493071556091,1.6531982421875,1.80242919921875,1.1199631690979004,322.74
3,9,0.03692281246185303,1.6986541748046875,1.820404052734375,1.0926403999328613,323.26
3,10,0.14789164066314697,1.70208740234375,1.75433349609375,1.1848180294036865,325.77
3,11,0.10322070121765137,1.6217803955078125,1.797332763671875,1.1289546489715576,326.28
3,12,0.08904421329498291,1.6929931640625,1.780029296875,1.130950927734375,328.88
3,13,0.06629598140716553,1.7668609619140625,1.792205810546875,1.1340160369873047,329.39
3,14,0.067635178565979,1.6705474853515625,1.7523193359375,1.0944952964782715,331.88
3,15,0.06462132930755615,1.606964111328125,1.758026123046875,1.0741184949874878,332.4
3,16,0.11100590229034424,1.680938720703125,1.7696533203125,1.1461834907531738,334.94
3,17,0.05942213535308838,1.6598358154296875,1.767547607421875,1.087637186050415,335.46
3,18,0.1330593228340149,1.672088623046875,1.753143310546875,1.1606290340423584,338.05
3,19,0.03623652458190918,1.76202392578125,1.82183837890625,1.111395239830017,338.56
3,20,0.301000714302063,1.7251739501953125,1.79119873046875,1.3559125661849976,341.06
3,21,0.0593876838684082,1.6201629638671875,1.775146484375,1.0779805183410645,341.58
3,22,0.12041091918945312,1.728485107421875,1.7698974609375,1.1699256896972656,344.08
3,23,0.11625474691390991,1.5753936767578125,1.821807861328125,1.1354153156280518,344.6
3,24,0.11674278974533081,1.726165771484375,1.786773681640625,1.1706247329711914,347.07
3,25,0.07270431518554688,1.7182464599609375,1.796905517578125,1.1272499561309814,347.58
3,26,0.07846009731292725,1.63421630859375,1.793731689453125,1.1068445444107056,350.1
3,27,0.05864793062210083,1.6234283447265625,1.7843017578125,1.0809669494628906,350.61
3,28,0.09582853317260742,1.6892242431640625,1.782501220703125,1.1373462677001953,353.14
3,29,0.10487747192382812,1.7010040283203125,1.78607177734375,1.1510002613067627,353.65
3,30,0.06568717956542969,1.559112548828125,1.778839111328125,1.0670726299285889,356.17
3,31,0.12477421760559082,1.615753173828125,1.80889892578125,1.152169942855835,356.68
3,32,0.08709132671356201,1.549774169921875,1.795806884765625,1.0907657146453857,359.23
3,33,0.1066281795501709,1.66546630859375,1.8043212890625,1.14756441116333,359.74
3,34,0.07866430282592773,1.5934600830078125,1.804412841796875,1.0980262756347656,362.28
3,35,0.12614470720291138,1.61749267578125,1.796661376953125,1.150390863418579,362.8
3,36,0.07999932765960693,1.5844573974609375,1.7742919921875,1.087624192237854,365.41
3,37,0.06447392702102661,1.6839752197265625,1.774749755859375,1.1020914316177368,365.93
3,38,0.13929438591003418,1.6132354736328125,1.779083251953125,1.1569900512695312,368.43
3,39,0.04820990562438965,1.681060791015625,1.775726318359375,1.0852460861206055,368.94
3,40,0.13307613134384155,1.53533935546875,1.807861328125,1.1360363960266113,371.42
3,41,0.13128769397735596,1.616363525390625,1.792877197265625,1.154059886932373,371.94
3,42,0.06293463706970215,1.5767974853515625,1.759857177734375,1.0639311075210571,374.44
3,43,0.11252665519714355,1.832305908203125,1.77618408203125,1.1950737237930298,374.95
3,44,0.1300545334815979,1.5737457275390625,1.801361083984375,1.1425867080688477,377.49
3,45,0.06646183133125305,1.649017333984375,1.769134521484375,1.0919075012207031,378.01
3,46,0.12314081192016602,1.7196807861328125,1.781768798828125,1.1735756397247314,380.55
3,47,0.04302734136581421,1.543975830078125,1.8060302734375,1.0480291843414307,381.06
3,48,0.09438806772232056,1.6571044921875,1.78179931640625,1.1260592937469482,383.53
3,49,0.043508946895599365,1.5422515869140625,1.77935791015625,1.039991855621338,384.05
3,50,0.07627671957015991,1.620025634765625,1.778045654296875,1.0956981182098389,386.52
3,51,0.04016768932342529,1.8020782470703125,1.778961181640625,1.1144795417785645,387.04
3,52,0.07331621646881104,1.5499420166015625,1.770294189453125,1.0693871974945068,389.63
3,53,0.12118017673492432,1.6566925048828125,1.754974365234375,1.1446802616119385,390.15
3,54,0.06439650058746338,1.640960693359375,1.795745849609375,1.0954084396362305,392.71
3,55,0.07698029279708862,1.4561920166015625,1.822052001953125,1.0604535341262817,393.22
3,56,0.20529836416244507,1.6202774047851562,1.817657470703125,1.2366788387298584,395.71
3,57,0.0355602502822876,1.510986328125,1.779144287109375,1.022599458694458,396.22
3,58,0.07207781076431274,1.585601806640625,1.79498291015625,1.0862531661987305,398.7
3,59,0.05072605609893799,1.5150604248046875,1.777496337890625,1.0384931564331055,399.22
3,60,0.043247342109680176,1.5018157958984375,1.778717041015625,1.027407169342041,401.49
4,0,0.05198252201080322,1.615478515625,1.7933349609375,1.0746266841888428,405.88
4,1,0.11074328422546387,1.431549072265625,1.776458740234375,1.0731456279754639,406.39
4,2,0.11220228672027588,1.5420379638671875,1.73284912109375,1.0946685075759888,408.9
4,3,0.030914127826690674,1.5814666748046875,1.7664794921875,1.0352981090545654,409.41
4,4,0.042864322662353516,1.410247802734375,1.792083740234375,1.0035638809204102,411.89
4,5,0.04993641376495361,1.45867919921875,1.7738037109375,1.0196813344955444,414.72
4,6,0.12853634357452393,1.6035614013671875,1.786529541015625,1.1455636024475098,417.55
4,7,0.05161195993423462,1.5818328857421875,1.804046630859375,1.067375898361206,418.06
4,8,0.158932626247406,1.551910400390625,1.783172607421875,1.1594575643539429,420.67
4,9,0.11485397815704346,1.4508209228515625,1.78009033203125,1.084127426147461,421.19
4,10,0.05563545227050781,1.6158294677734375,1.7783203125,1.0738804340362549,423.61
4,11,0.061315178871154785,1.3510589599609375,1.811431884765625,1.0100624561309814,424.13
4,12,0.10595971345901489,1.601165771484375,1.747650146484375,1.1106045246124268,426.6
4,13,0.10499882698059082,1.5385894775390625,1.792266845703125,1.1042556762695312,427.12
4,14,0.03917056322097778,1.6326141357421875,1.822418212890625,1.0756803750991821,429.62
4,15,0.023628592491149902,1.4872894287109375,1.83343505859375,1.019845962524414,430.13
4,16,0.06578493118286133,1.780181884765625,1.8448486328125,1.1532940864562988,432.72
4,17,0.1015404760837555,1.5557174682617188,1.81988525390625,1.1142213344573975,433.23
4,18,0.02947068214416504,1.613677978515625,1.82672119140625,1.0615904331207275,435.69
4,19,0.05309396982192993,1.6316986083984375,1.79888916015625,1.0822703838348389,436.21
4,20,0.08432823419570923,1.3954010009765625,1.849334716796875,1.0577490329742432,438.71
4,21,0.04508364200592041,1.584564208984375,1.7530517578125,1.0463684797286987,439.23
4,22,0.10316038131713867,1.4990081787109375,1.7830810546875,1.08778715133667,441.71
4,23,0.13663089275360107,1.45257568359375,1.7496337890625,1.0972938537597656,442.22
4,24,0.03391683101654053,1.4193878173828125,1.79754638671875,0.998997151851654,444.74
4,25,0.041464924812316895,1.559906005859375,1.7745361328125,1.0417976379394531,445.25
4,26,0.06767189502716064,1.455963134765625,1.79473876953125,1.0428824424743652,447.8
4,27,0.09003877639770508,1.4983444213867188,1.7955322265625,1.0782017707824707,448.32
4,28,0.05159181356430054,1.3776702880859375,1.772857666015625,0.9967502355575562,450.84
4,29,0.12414628267288208,1.3325958251953125,1.832977294921875,1.0738182067871094,451.36
4,30,0.1419302225112915,1.5819625854492188,1.7525634765625,1.1422879695892334,453.85
4,31,0.13279825448989868,1.5888519287109375,1.77850341796875,1.1430048942565918,454.36
4,32,0.07309824228286743,1.730804443359375,1.763397216796875,1.1213587522506714,456.89
4,33,0.07594466209411621,1.7150421142578125,1.772552490234375,1.122223138809204,457.4
4,34,0.06456339359283447,1.4213104248046875,1.80194091796875,1.0315388441085815,460.06
4,35,0.1106157898902893,1.3305206298828125,1.80255126953125,1.050537347793579,460.57
4,36,0.06599628925323486,1.3820648193359375,1.779541015625,1.014478087425232,468.44
4,37,0.16567325592041016,1.501983642578125,1.738922119140625,1.1379450559616089,468.96
4,38,0.05096691846847534,1.335418701171875,1.769073486328125,0.9823145866394043,471.55
4,39,0.057839155197143555,1.6791534423828125,1.78173828125,1.096106767654419,472.06
4,40,0.1344764232635498,1.3280715942382812,1.802581787109375,1.0736725330352783,474.6
4,41,0.15741366147994995,1.36663818359375,1.792236328125,1.1050760746002197,475.11
4,42,0.05723071098327637,1.4179000854492188,1.7867431640625,1.01862370967865,477.63
4,43,0.07234132289886475,1.5543746948242188,1.7852783203125,1.0742372274398804,478.14
4,44,0.057711243629455566,1.3217697143554688,1.730926513671875,0.9735201597213745,480.7
4,45,0.1573808193206787,1.2858428955078125,1.777587890625,1.0764100551605225,481.21
4,46,0.1503658890724182,1.51470947265625,1.7471923828125,1.128936529159546,483.77
4,47,0.12862873077392578,1.4458847045898438,1.76434326171875,1.0916972160339355,484.29
4,48,0.07075256109237671,1.4881134033203125,1.802886962890625,1.0580527782440186,486.8
4,49,0.11705625057220459,1.455535888671875,1.844451904296875,1.1070525646209717,487.32
4,50,0.09315788745880127,1.3620071411132812,1.800506591796875,1.0419120788574219,489.8
4,51,0.09840238094329834,1.423126220703125,1.8350830078125,1.0758652687072754,490.32
4,52,0.06104695796966553,1.3278884887695312,1.770721435546875,0.9906299710273743,492.81
4,53,0.058579206466674805,1.1669845581054688,1.78143310546875,0.9431045651435852,493.32
4,54,0.05266326665878296,1.374176025390625,1.824310302734375,1.012209177017212,495.86
4,55,0.12499845027923584,1.231170654296875,1.764984130859375,1.0238449573516846,496.38
4,56,0.03972393274307251,1.4097976684570312,1.758819580078125,0.9903091192245483,499.17
4,57,0.03893333673477173,1.4094696044921875,1.765472412109375,0.9914159774780273,499.68
4,58,0.04030108451843262,1.3973846435546875,1.78375244140625,0.9946422576904297,502.19
4,59,0.1078803539276123,1.3365859985351562,1.8094482421875,1.051690697669983,502.7
4,60,0.04919636249542236,1.4613037109375,1.7838134765625,1.0227315425872803,505.04
5,0,0.03711181879043579,1.1841697692871094,1.8258056640625,0.9401044845581055,509.59
5,1,0.05160236358642578,1.2845649719238281,1.821990966796875,0.9835691452026367,510.11
5,2,0.10856801271438599,1.1632156372070312,1.795654296875,0.9962289929389954,512.64
5,3,0.054380834102630615,1.306915283203125,1.778045654296875,0.9798691272735596,513.16
5,4,0.05291622877120972,1.3430633544921875,1.789581298828125,0.9927096366882324,518.22
5,5,0.028081119060516357,1.104522705078125,1.80462646484375,0.9008259177207947,518.73
5,6,0.025300145149230957,1.1041030883789062,1.781829833984375,0.8910800814628601,521.39
5,7,0.05494970083236694,1.5166473388671875,1.78753662109375,1.0462050437927246,521.91
5,8,0.03536432981491089,1.156951904296875,1.75933837890625,0.9102514386177063,524.33
5,9,0.05535101890563965,0.9364395141601562,1.74456787109375,0.8596532344818115,524.85
5,10,0.08380693197250366,1.1789932250976562,1.71728515625,0.9526904821395874,527.37
5,11,0.04648697376251221,1.21356201171875,1.787200927734375,0.9467158913612366,527.88
5,12,0.03352254629135132,1.0067596435546875,1.79644775390625,0.8744847774505615,530.31
5,13,0.06815266609191895,1.064697265625,1.780517578125,0.9217171669006348,530.82
5,14,0.07742702960968018,1.0577392578125,1.802642822265625,0.9355416893959045,533.3
5,15,0.04754948616027832,1.1057357788085938,1.771820068359375,0.9108163118362427,533.82
5,16,0.04248088598251343,1.2768173217773438,1.767669677734375,0.955826997756958,536.33
5,17,0.11575853824615479,1.3130569458007812,1.812255859375,1.0533523559570312,536.84
5,18,0.08770716190338135,1.4708328247070312,1.867767333984375,1.089287281036377,539.34
5,19,0.0326007604598999,1.0011100769042969,1.808502197265625,0.8754844665527344,539.85
5,20,0.06827223300933838,1.0993576049804688,1.8023681640625,0.938789963722229,542.32
5,21,0.030093610286712646,1.611083984375,1.850616455078125,1.068603754043579,542.84
5,22,0.03008556365966797,1.0213470458984375,1.770843505859375,0.8677427768707275,545.3
5,23,0.12797093391418457,1.26287841796875,1.7767333984375,1.0398545265197754,545.81
5,24,0.03112691640853882,0.9608917236328125,1.835723876953125,0.8701115846633911,548.24
5,25,0.08454829454421997,1.01043701171875,1.788970947265625,0.9243707060813904,548.76
5,26,0.30144762992858887,1.0190582275390625,1.865692138671875,1.1668727397918701,551.27
5,27,0.0411381721496582,1.115875244140625,1.834991455078125,0.9263982176780701,551.79
5,28,0.030043363571166992,0.8891525268554688,1.793426513671875,0.8348171710968018,554.48
5,29,0.10677742958068848,1.0435562133789062,1.80853271484375,0.9624041318893433,554.99
5,30,0.1652178168296814,1.1090087890625,1.82745361328125,1.046156644821167,557.43
5,31,0.049994587898254395,1.0868873596191406,1.776092529296875,0.908888578414917,557.94
5,32,0.19839763641357422,1.1076202392578125,1.8394775390625,1.0825270414352417,560.37
5,33,0.04479646682739258,1.1668624877929688,1.798309326171875,0.9343481063842773,560.88
5,34,0.10278654098510742,0.8826904296875,1.78155517578125,0.9020602703094482,563.44
5,35,0.13052427768707275,1.0274429321289062,1.792144775390625,0.97640061378479,563.95
5,36,0.1757134199142456,0.9556045532226562,1.816558837890625,1.0073624849319458,566.46
5,37,0.036553919315338135,0.8621978759765625,1.791900634765625,0.8327835202217102,566.97
5,38,0.04987943172454834,0.9200630187988281,1.7939453125,0.8640819787979126,569.38
5,39,0.03043276071548462,0.9556732177734375,1.81024169921875,0.8602072596549988,569.89
5,40,0.05171072483062744,0.8153839111328125,1.77215576171875,0.8279726505279541,572.35
5,41,0.08857184648513794,1.017333984375,1.782684326171875,0.9285773634910583,572.86
5,42,0.03084343671798706,0.9128799438476562,1.7899169921875,0.8416825532913208,575.22
5,43,0.06440889835357666,0.9389076232910156,1.788238525390625,0.8825528025627136,575.74
5,44,0.03901994228363037,0.8121223449707031,1.82550048828125,0.8303068280220032,578.25
5,45,0.028974056243896484,0.9380531311035156,1.811767578125,0.8539202809333801,578.76
5,46,0.05014026165008545,0.7483367919921875,1.828369140625,0.8231520652770996,581.22
5,47,0.030965745449066162,0.8215789794921875,1.78436279296875,0.8127483129501343,581.74
5,48,0.12413948774337769,0.7207450866699219,1.8067626953125,0.8823918700218201,584.18
5,49,0.05827850103378296,0.8732833862304688,1.77984619140625,0.8542174100875854,584.7
5,50,0.0816766619682312,0.8687725067138672,1.790618896484375,0.8794940710067749,591.59
5,51,0.12590181827545166,0.8572254180908203,1.793182373046875,0.9210242033004761,592.11
5,52,0.03301882743835449,0.9168701171875,1.792724609375,0.8458973169326782,594.58
5,53,0.025549769401550293,0.8712596893310547,1.786376953125,0.8228408098220825,595.1
5,54,0.12211334705352783,0.7383537292480469,1.8104248046875,0.8867469429969788,597.6
5,55,0.05635511875152588,0.8189992904663086,1.78399658203125,0.8372539281845093,598.11
5,56,0.04108983278274536,0.7773189544677734,1.778411865234375,0.8078091144561768,600.56
5,57,0.105446457862854,0.7537040710449219,1.779754638671875,0.8654841184616089,601.07
5,58,0.1329115629196167,1.1398696899414062,1.792510986328125,1.012625813484192,603.59
5,59,0.10585761070251465,0.6490745544433594,1.840911865234375,0.852853536605835,604.11
5,60,0.06746768951416016,0.8130149841308594,1.7584228515625,0.8388990163803101,606.44
6,0,0.13011926412582397,0.8539285659790039,1.83428955078125,0.9365847110748291,610.86
6,1,0.23175358772277832,0.8399548530578613,1.7877197265625,1.0200560092926025,611.38
6,2,0.03327876329421997,0.7130022048950195,1.81866455078125,0.7927788496017456,613.87
6,3,0.03991281986236572,1.018782615661621,1.776885986328125,0.8786134123802185,614.38
6,4,0.0617099404335022,0.9513649940490723,1.7625732421875,0.8758914470672607,619.53
6,5,0.06451654434204102,0.7556695938110352,1.7919921875,0.8288151025772095,620.05
6,6,0.1241655945777893,0.8454666137695312,1.81488037109375,0.9222697019577026,622.58
6,7,0.0734248161315918,0.7963347434997559,1.81317138671875,0.8562766909599304,623.09
6,8,0.16177821159362793,0.6002926826477051,1.80889892578125,0.8845357298851013,625.62
6,9,0.041850924491882324,0.7234373092651367,1.814666748046875,0.8032821416854858,626.14
6,10,0.06795161962509155,0.8252658843994141,1.786712646484375,0.8515452146530151,628.59
6,11,0.036519646644592285,0.64862060546875,1.82574462890625,0.7788292169570923,629.11
6,12,0.06718325614929199,1.0153121948242188,1.802001953125,0.9123775362968445,631.64
6,13,0.059804558753967285,0.7501974105834961,1.821746826171875,0.8313878178596497,632.16
6,14,0.11408567428588867,0.6343250274658203,1.79052734375,0.8415414094924927,634.56
6,15,0.05063939094543457,0.7362575531005859,1.82659912109375,0.8194964528083801,635.07
6,16,0.0434756875038147,0.7176384925842285,1.788238525390625,0.7952388525009155,637.7
6,17,0.08252853155136108,0.7542552947998047,1.80816650390625,0.8512550592422485,638.22
6,18,0.11896246671676636,1.1438260078430176,1.79656982421875,1.0010812282562256,640.79
6,19,0.030181467533111572,0.9930877685546875,1.826690673828125,0.876115083694458,641.32
6,20,0.0810239315032959,1.0351858139038086,1.7991943359375,0.9313380122184753,643.81
6,21,0.09336888790130615,0.9114017486572266,1.77655029296875,0.899754524230957,644.33
6,22,0.0512431263923645,0.6577444076538086,1.8038330078125,0.789716362953186,646.83
6,23,0.09271854162216187,0.6332504749298096,1.796630859375,0.8216829895973206,647.35
6,24,0.10628962516784668,0.7445082664489746,1.798095703125,0.869070827960968,649.81
6,25,0.14636719226837158,0.8740681409835815,1.781463623046875,0.9430267214775085,650.32
6,26,0.020396053791046143,0.8394775390625,1.779876708984375,0.8062023520469666,652.71
6,27,0.03820681571960449,0.7089428901672363,1.7945556640625,0.7892564535140991,653.22
6,28,0.032564520835876465,0.42737877368927,1.783233642578125,0.6957482695579529,655.85
6,29,0.12248992919921875,0.6123522520065308,1.806304931640625,0.8480871319770813,656.37
6,30,0.06237030029296875,0.8254907131195068,1.7906494140625,0.8472123742103577,658.93
6,31,0.11765015125274658,0.693638801574707,1.785247802734375,0.8613162040710449,659.45
6,32,0.041655659675598145,0.9575777053833008,1.78643798828125,0.8648604154586792,661.95
6,33,0.04115670919418335,0.7397201061248779,1.7681884765625,0.7935292720794678,662.47
6,34,0.20705240964889526,0.5395851135253906,1.819671630859375,0.9148294925689697,664.95
6,35,0.05592918395996094,0.7206130027770996,1.78369140625,0.8072205185890198,665.46
6,36,0.03821590542793274,0.7515840530395508,1.793212890625,0.8016549944877625,667.95
6,37,0.07978129386901855,0.8246164321899414,1.809539794921875,0.8700281381607056,668.47
6,38,0.17058944702148438,0.48819756507873535,1.80194091796875,0.8576310276985168,671.14
6,39,0.07723653316497803,0.551414966583252,1.803253173828125,0.7836370468139648,671.65
6,40,0.11965012550354004,0.9640843868255615,1.79998779296875,0.9488718509674072,674.15
6,41,0.06402724981307983,1.2833242416381836,1.785614013671875,0.9847087860107422,674.67
6,42,0.03753232955932617,0.708747148513794,1.779815673828125,0.7841011881828308,677.14
6,43,0.11387896537780762,0.7204856872558594,1.783966064453125,0.8652145266532898,677.65
6,44,0.08902722597122192,0.7473368644714355,1.818145751953125,0.8586720824241638,680.2
6,45,0.055741310119628906,0.7033061981201172,1.7872314453125,0.8029026389122009,680.71
6,46,0.039136648178100586,0.5514125823974609,1.822113037109375,0.7511943578720093,683.3
6,47,0.04976499080657959,0.6869411468505859,1.78936767578125,0.7926576733589172,683.82
6,48,0.0495072603225708,0.4624485969543457,1.783721923828125,0.7233584523200989,686.37
6,49,0.12187516689300537,0.4968857765197754,1.78228759765625,0.8056272268295288,686.89
6,50,0.038789987564086914,0.6926078796386719,1.76409912109375,0.7758021354675293,689.38
6,51,0.04081791639328003,0.9029035568237305,1.773193359375,0.8436470031738281,689.9
6,52,0.09928852319717407,0.599822998046875,1.780670166015625,0.8134365081787109,692.39
6,53,0.0522041916847229,0.4316859245300293,1.80413818359375,0.7229514122009277,692.9
6,54,0.300853967666626,0.5898938179016113,1.806365966796875,1.0197319984436035,695.46
6,55,0.12003433704376221,0.4815335273742676,1.77734375,0.7976975440979004,695.98
6,56,0.044568538665771484,0.5514328479766846,1.791839599609375,0.7475502490997314,698.55
6,57,0.13233232498168945,0.7996726036071777,1.8216552734375,0.9187307357788086,699.07
6,58,0.041162192821502686,1.1939888000488281,1.806243896484375,0.9412320852279663,701.57
6,59,0.0208604633808136,0.7608904838562012,1.805694580078125,0.7908360362052917,702.09
6,60,0.12408620119094849,0.6471148729324341,1.79791259765625,0.8575944900512695,704.36
7,0,0.04425489902496338,0.6453157067298889,1.794158935546875,0.776097297668457,708.86
7,1,0.05670785903930664,0.4070049524307251,1.798614501953125,0.7183937430381775,709.37
7,2,0.043305158615112305,0.659491777420044,1.81048583984375,0.7842984795570374,711.93
7,3,0.20597422122955322,0.47644710540771484,1.80767822265625,0.8912118673324585,712.44
7,4,0.10257458686828613,0.47011280059814453,1.79241943359375,0.7813342809677124,714.92
7,5,0.10909861326217651,0.6575424671173096,1.779632568359375,0.8402511477470398,715.43
7,6,0.11735838651657104,0.7250044345855713,1.791351318359375,0.8722651600837708,720.63
7,7,0.04237574338912964,0.5969882011413574,1.797393798828125,0.7606903910636902,721.15
7,8,0.12924087047576904,0.6575970649719238,1.794708251953125,0.8649325370788574,723.61
7,9,0.020570963621139526,0.7381548881530762,1.790252685546875,0.7790932655334473,724.13
7,10,0.17055103182792664,0.46831655502319336,1.78973388671875,0.847966194152832,726.76
7,11,0.09464442729949951,0.5744924545288086,1.815032958984375,0.8115020394325256,727.28
7,12,0.038472652435302734,0.49922752380371094,1.790496826171875,0.7253899574279785,729.69
7,13,0.05547690391540527,0.764594316482544,1.790802001953125,0.8220958113670349,730.2
7,14,0.039437055587768555,0.5121018886566162,1.793853759765625,0.7312237620353699,732.65
7,15,0.0917125940322876,0.8033754825592041,1.791900634765625,0.8702954649925232,733.16
7,16,0.03965461254119873,0.4589524269104004,1.80230712890625,0.7180324792861938,735.64
7,17,0.03812539577484131,0.4349031448364258,1.785430908203125,0.7042255997657776,736.15
7,18,0.1838023066520691,0.7452678680419922,1.793731689453125,0.9455022215843201,738.77
7,19,0.09456473588943481,0.6886303424835205,1.789276123046875,0.8379366993904114,739.28
7,20,0.04561352729797363,0.7239220142364502,1.788604736328125,0.799371600151062,741.72
7,21,0.09965753555297852,0.4140148162841797,1.793914794921875,0.7620364427566528,742.24
7,22,0.08174470067024231,0.7462894916534424,1.7840576171875,0.8408488631248474,744.8
7,23,0.07694119215011597,0.9159044027328491,1.755096435546875,0.8782414793968201,745.31
7,24,0.02505868673324585,0.5674388408660889,1.7843017578125,0.7305808663368225,747.74
7,25,0.025996267795562744,0.8310461044311523,1.76629638671875,0.8051990270614624,748.26
7,26,0.14413857460021973,0.5357849597930908,1.8375244140625,0.8561314344406128,750.79
7,27,0.07852476835250854,0.48096227645874023,1.79144287109375,0.7602463960647583,751.3
7,28,0.026958703994750977,0.47537463903427124,1.79681396484375,0.7086153030395508,753.91
7,29,0.09402376413345337,0.609039306640625,1.7821044921875,0.8113669157028198,754.42
7,30,0.03789234161376953,0.6307547092437744,1.780517578125,0.7612740993499756,756.91
7,31,0.03431415557861328,0.3613603115081787,1.78619384765625,0.6785804033279419,757.43
7,32,0.10729551315307617,0.6015975475311279,1.8089599609375,0.8304628133773804,759.93
7,33,0.03624755144119263,0.5755178928375244,1.812744140625,0.7527261972427368,760.45
7,34,0.04815417528152466,0.632774829864502,1.822235107421875,0.7846571803092957,763.01
7,35,0.01752626895904541,0.7962841987609863,1.799957275390625,0.7963987588882446,763.53
7,36,0.07528156042098999,0.41778016090393066,1.7835693359375,0.7356864213943481,766.23
7,37,0.0546993613243103,0.7331130504608154,1.797393798828125,0.8138514757156372,766.74
7,38,0.035517334938049316,0.848456621170044,1.793426513671875,0.8280823230743408,769.14
7,39,0.1179773211479187,0.713712215423584,1.775909423828125,0.8648638129234314,769.65
7,40,0.11748039722442627,0.7977304458618164,1.805999755859375,0.8985995054244995,772.17
7,41,0.09413236379623413,1.0750293731689453,1.75482177734375,0.9430877566337585,772.69
7,42,0.0430220365524292,0.603826642036438,1.742828369140625,0.747018575668335,775.24
7,43,0.11695808172225952,0.5496233701705933,1.773040771484375,0.8137573599815369,775.76
7,44,0.08117997646331787,0.4412074089050293,1.803741455078125,0.7546646595001221,778.34
7,45,0.03614068031311035,0.6693606376647949,1.77142333984375,0.7683758735656738,778.86
7,46,0.04305344820022583,0.6825823783874512,1.76983642578125,0.778779149055481,781.42
7,47,0.10799610614776611,0.40851330757141113,1.7855224609375,0.7662068605422974,781.94
7,48,0.044973790645599365,0.4379725456237793,1.812164306640625,0.7200148701667786,784.45
7,49,0.0879330039024353,0.470489501953125,1.80596923828125,0.7708706259727478,784.96
7,50,0.10220789909362793,0.8527770042419434,1.80450439453125,0.8993923664093018,787.45
7,51,0.10054165124893188,0.5433831214904785,1.7899169921875,0.8005317449569702,787.97
7,52,0.026346445083618164,0.602022647857666,1.753265380859375,0.7329328656196594,790.69
7,53,0.022161006927490234,0.5911121368408203,1.768829345703125,0.7301434874534607,791.21
7,54,0.02364295721054077,0.3773617744445801,1.784393310546875,0.6721695065498352,793.61
7,55,0.029796838760375977,0.40802693367004395,1.792999267578125,0.6901047229766846,794.12
7,56,0.09226164221763611,0.3681943416595459,1.794189453125,0.7409768104553223,796.62
7,57,0.021547794342041016,0.5354381799697876,1.774627685546875,0.7145676016807556,797.13
7,58,0.0784536600112915,0.4673740863800049,1.791900634765625,0.7562361359596252,799.69
7,59,0.09146958589553833,0.44931936264038086,1.7659912109375,0.7560627460479736,800.2
7,60,0.02713751792907715,0.30170774459838867,1.784454345703125,0.6529861688613892,802.47
8,0,0.022588670253753662,0.4926326274871826,1.763916015625,0.6995532512664795,806.87
8,1,0.048752933740615845,0.5551636219024658,1.794647216796875,0.7536962032318115,807.38
8,2,0.17069333791732788,0.5046284198760986,1.77178955078125,0.8536187410354614,809.88
8,3,0.09053677320480347,0.5036046504974365,1.777374267578125,0.7748304605484009,810.4
8,4,0.020986050367355347,0.49777674674987793,1.77410888671875,0.7025517821311951,815.56
8,5,0.030364781618118286,0.37884271144866943,1.809295654296875,0.686806321144104,816.07
8,6,0.021988093852996826,0.4096478819847107,1.779937744140625,0.6788637638092041,818.65
8,7,0.022384464740753174,0.6049014329910278,1.79168701171875,0.7413610219955444,819.16
8,8,0.04267871379852295,0.32539236545562744,1.77618408203125,0.6731517314910889,821.72
8,9,0.027521967887878418,0.8320872783660889,1.7572021484375,0.8043087720870972,822.23
8,10,0.03537416458129883,0.6764782667160034,1.822235107421875,0.7849882245063782,824.74
8,11,0.0341336727142334,0.4604017436504364,1.783905029296875,0.7074257135391235,825.25
8,12,0.1588096022605896,0.4414471983909607,1.751007080078125,0.8165459632873535,827.74
8,13,0.021600961685180664,0.34167468547821045,1.798614501953125,0.6636877655982971,828.26
8,14,0.025304317474365234,0.5600027441978455,1.7640380859375,0.7225165963172913,830.82
8,15,0.0370868444442749,0.6680492758750916,1.775634765625,0.7701920866966248,831.33
8,16,0.08992540836334229,0.4006536602973938,1.77752685546875,0.7433795928955078,833.82
8,17,0.13142874836921692,0.5734083652496338,1.809783935546875,0.8463864326477051,834.33
8,18,0.022276699542999268,0.3777552843093872,1.78143310546875,0.6700332164764404,836.82
8,19,0.09188389778137207,0.4402421712875366,1.78460693359375,0.7593386173248291,837.34
8,20,0.019392848014831543,0.33561715483665466,1.78692626953125,0.6561559438705444,839.84
8,21,0.03812360763549805,0.5452950596809387,1.789581298828125,0.7385865449905396,840.35
8,22,0.041858017444610596,0.28835970163345337,1.805938720703125,0.6701475977897644,842.98
8,23,0.01537930965423584,0.7159105539321899,1.76507568359375,0.7596752047538757,843.49
8,24,0.05495649576187134,0.5384272336959839,1.78570556640625,0.7521963715553284,846.02
8,25,0.03724801540374756,0.8461112976074219,1.8006591796875,0.8312792181968689,846.53
8,26,0.02496469020843506,0.3465745449066162,1.781646728515625,0.6634311079978943,849.0
8,27,0.017247378826141357,0.3722981810569763,1.7845458984375,0.6643006205558777,849.51
8,28,0.08937609195709229,0.43210911750793457,1.790283203125,0.7560938596725464,852.05
8,29,0.046641916036605835,0.2886732816696167,1.806976318359375,0.6753368377685547,852.56
8,30,0.10085302591323853,0.3068505525588989,1.7762451171875,0.7257817983627319,855.18
8,31,0.02181696891784668,0.33039307594299316,1.827667236328125,0.669235110282898,855.7
8,32,0.030408203601837158,0.4962241053581238,1.80499267578125,0.7207732796669006,858.16
8,33,0.026370525360107422,0.38842064142227173,1.79351806640625,0.6809521317481995,858.68
8,34,0.02453857660293579,0.33237242698669434,1.77392578125,0.6564280390739441,861.17
8,35,0.013712763786315918,0.3928334712982178,1.764801025390625,0.6610031127929688,861.68
8,36,0.028241753578186035,0.5133060216903687,1.7767333984375,0.7152535915374756,864.25
8,37,0.10137572884559631,0.2291649580001831,1.78424072265625,0.7053974866867065,864.77
8,38,0.029563069343566895,0.4776081442832947,1.802276611328125,0.7135285139083862,867.27
8,39,0.03886616230010986,0.37728458642959595,1.790679931640625,0.6892555952072144,867.78
8,40,0.12472814321517944,0.4697967767715454,1.792388916015625,0.8033838868141174,870.29
8,41,0.08711737394332886,0.3629699945449829,1.807342529296875,0.7382111549377441,870.8
8,42,0.024008333683013916,0.6346487998962402,1.7784423828125,0.7479357123374939,873.29
8,43,0.025470435619354248,0.3799992799758911,1.7716064453125,0.6709522008895874,873.81
8,44,0.027332186698913574,0.27389442920684814,1.797637939453125,0.6487919092178345,876.28
8,45,0.034041762351989746,0.5622535943984985,1.76654052734375,0.7326800227165222,876.8
8,46,0.03018251061439514,0.3725755214691162,1.774505615234375,0.6743068695068359,879.29
8,47,0.01852339506149292,0.25595295429229736,1.79669189453125,0.6343169212341309,879.81
8,48,0.02668994665145874,0.2854275703430176,1.811248779296875,0.6556928753852844,882.35
8,49,0.03423488140106201,0.3486228585243225,1.7947998046875,0.6772617101669312,882.87
8,50,0.08596158027648926,0.3161180019378662,1.814422607421875,0.7251237630844116,885.36
8,51,0.0944623351097107,0.3891676664352417,1.764434814453125,0.7405431270599365,885.88
8,52,0.031131207942962646,0.15261054039001465,1.81488037109375,0.621378481388092,888.34
8,53,0.01923692226409912,0.3887469172477722,1.776763916015625,0.6688902378082275,888.85
8,54,0.03597801923751831,0.34236660599708557,1.791229248046875,0.6760567426681519,891.36
8,55,0.017238378524780273,0.3454113006591797,1.8050537109375,0.6623778939247131,891.88
8,56,0.0256536602973938,0.5151718258857727,1.7762451171875,0.7130787968635559,894.42
8,57,0.027813255786895752,0.45478224754333496,1.78143310546875,0.6986778974533081,894.94
8,58,0.018523991107940674,0.40323132276535034,1.787841796875,0.6758459806442261,897.49
8,59,0.03596675395965576,0.386738121509552,1.80474853515625,0.6934127807617188,898.01
8,60,0.017914891242980957,0.5674538016319275,1.800018310546875,0.728156566619873,900.23
9,0,0.09102702140808105,0.28456664085388184,1.804595947265625,0.717775821685791,904.82
9,1,0.03072679042816162,0.9429248571395874,1.801422119140625,0.854030966758728,905.33
9,2,0.019513964653015137,0.41299188137054443,1.8009033203125,0.6836825609207153,907.86
9,3,0.023293673992156982,0.34432944655418396,1.79571533203125,0.6653071641921997,908.37
9,4,0.017022371292114258,0.18350768089294434,1.823822021484375,0.6192213296890259,910.78
9,5,0.021476417779922485,0.2925539016723633,1.806732177734375,0.6512622833251953,913.34
9,6,0.016772866249084473,0.5011789798736572,1.824859619140625,0.714584469795227,916.44
9,7,0.08244895935058594,0.37727677822113037,1.79644775390625,0.734566330909729,916.95
9,8,0.02276948094367981,0.7007328271865845,1.8048095703125,0.7744321823120117,919.51
9,9,0.023634642362594604,0.37183547019958496,1.772552490234375,0.666951060295105,920.03
9,10,0.03659898042678833,0.25094395875930786,1.816802978515625,0.6569230556488037,922.69
9,11,0.08787855505943298,0.5208831429481506,1.799713134765625,0.7840574383735657,923.21
9,12,0.029312312602996826,0.29087674617767334,1.80401611328125,0.6577802300453186,925.75
9,13,0.030812710523605347,0.12580370903015137,1.81683349609375,0.6136038899421692,926.26
9,14,0.10385584831237793,0.3872241973876953,1.802001953125,0.7606236934661865,928.74
9,15,0.023380935192108154,0.36668163537979126,1.794830322265625,0.6718345284461975,929.25
9,16,0.01865518093109131,0.41759949922561646,1.789703369140625,0.6808460354804993,931.77
9,17,0.09227782487869263,0.29853856563568115,1.780853271484375,0.7160953879356384,932.28
9,18,0.02101871371269226,0.25893640518188477,1.8074951171875,0.6409481763839722,934.9
9,19,0.10526794195175171,0.31997013092041016,1.79296875,0.7391496896743774,935.41
9,20,0.18738287687301636,0.8211803436279297,1.787750244140625,0.9700620770454407,937.89
9,21,0.024084270000457764,0.26225340366363525,1.787933349609375,0.6391403675079346,938.41
9,22,0.09385168552398682,0.4056645631790161,1.79248046875,0.7532951831817627,940.95
9,23,0.14462962746620178,0.3704976439476013,1.77069091796875,0.786986231803894,941.46
9,24,0.023869246244430542,0.3823094964027405,1.8092041015625,0.6813233494758606,943.97
9,25,0.10892343521118164,0.3479968011379242,1.774139404296875,0.745564341545105,944.48
9,26,0.02539244294166565,0.2138870656490326,1.786956787109375,0.6256455779075623,947.01
9,27,0.024012327194213867,0.400968074798584,1.771881103515625,0.6758670806884766,947.53
9,28,0.02465754747390747,0.5907437801361084,1.80841064453125,0.7444038987159729,950.03
9,29,0.018160521984100342,0.2664012908935547,1.803619384765625,0.6391667723655701,950.55
9,30,0.02906346321105957,0.1887294054031372,1.78424072265625,0.6209545135498047,953.09
9,31,0.01655113697052002,0.34105628728866577,1.803558349609375,0.6599355936050415,953.61
9,32,0.016552835702896118,0.5406339168548584,1.79571533203125,0.71745765209198,956.1
9,33,0.0870065689086914,0.37094950675964355,1.812896728515625,0.742160439491272,956.61
9,34,0.07841148972511292,0.4314514994621277,1.791412353515625,0.7452706694602966,959.08
9,35,0.01793825626373291,0.5169506072998047,1.78973388671875,0.7099436521530151,959.59
9,36,0.08169490098953247,0.24557709693908691,1.779083251953125,0.6890930533409119,962.22
9,37,0.0234835147857666,0.4234105944633484,1.76446533203125,0.6798462867736816,962.73
9,38,0.013648569583892822,0.14896726608276367,1.79998779296875,0.5983351469039917,965.22
9,39,0.04132437705993652,0.204517662525177,1.7991943359375,0.6424379944801331,965.73
9,40,0.09707176685333252,0.34123504161834717,1.79901123046875,0.7391456365585327,968.11
9,41,0.02109163999557495,0.12100130319595337,1.7979736328125,0.5967841148376465,968.62
9,42,0.023426473140716553,0.20941579341888428,1.78582763671875,0.6219995021820068,971.26
9,43,0.06486433744430542,0.29492855072021484,1.775238037109375,0.6859143376350403,971.77
9,44,0.016753792762756348,0.34271061420440674,1.79547119140625,0.6582083702087402,974.35
9,45,0.08250588178634644,0.3246499300003052,1.781951904296875,0.7144864797592163,974.86
9,46,0.02157539129257202,0.36885929107666016,1.778656005859375,0.6658300161361694,977.41
9,47,0.0980198085308075,0.24607276916503906,1.772491455078125,0.7035890817642212,977.92
9,48,0.03598329424858093,0.3727265000343323,1.79461669921875,0.6861863136291504,980.42
9,49,0.11163732409477234,0.29197078943252563,1.7906494140625,0.7364233732223511,980.93
9,50,0.027229249477386475,0.23922359943389893,1.8106689453125,0.6421970725059509,983.46
9,51,0.028215229511260986,0.28379201889038086,1.77899169921875,0.6470503807067871,983.97
9,52,0.018786758184432983,0.4536462426185608,1.795166015625,0.693430483341217,986.63
9,53,0.02487802505493164,0.16307687759399414,1.7823486328125,0.6085057258605957,987.15
9,54,0.025018393993377686,0.4116209149360657,1.802215576171875,0.6891693472862244,989.59
9,55,0.02121978998184204,0.2356656789779663,1.79425048828125,0.6301946640014648,990.11
9,56,0.031388163566589355,0.4672588109970093,1.79168701171875,0.709071934223175,992.7
9,57,0.04231429100036621,0.20492428541183472,1.77734375,0.6369947195053101,993.21
9,58,0.0896298885345459,0.35528677701950073,1.769744873046875,0.727139413356781,995.61
9,59,0.01937413215637207,0.37432268261909485,1.807769775390625,0.674001932144165,996.12
9,60,0.018207013607025146,0.22824066877365112,1.809112548828125,0.6294130086898804,998.43
10,0,0.019609034061431885,0.32042717933654785,1.767120361328125,0.6458733081817627,1002.7
10,1,0.03074514865875244,0.1695067286491394,1.771148681640625,0.6129418015480042,1003.21
10,2,0.014678627252578735,0.2570735812187195,1.7728271484375,0.6236488819122314,1005.71
10,3,0.0159720778465271,0.40492188930511475,1.789764404296875,0.6743780374526978,1008.73
10,4,0.10089468955993652,0.7972046136856079,1.777496337890625,0.8733049631118774,1011.36
10,5,0.02179574966430664,0.14383313059806824,1.7762451171875,0.5978192687034607,1011.88
10,6,0.015438854694366455,0.3208344876766205,1.80029296875,0.6517771482467651,1014.5
10,7,0.03262317180633545,0.35048043727874756,1.772308349609375,0.6694598197937012,1015.01
10,8,0.0338207483291626,0.17096102237701416,1.804168701171875,0.6263597011566162,1017.52
10,9,0.0877649188041687,0.2309199869632721,1.78045654296875,0.6911779642105103,1018.03
10,10,0.047031283378601074,0.1406652331352234,1.809844970703125,0.6321843266487122,1020.46
10,11,0.020296484231948853,0.20021268725395203,1.78265380859375,0.6151564717292786,1020.98
10,12,0.09391501545906067,0.21501043438911438,1.793426513671875,0.6964461803436279,1023.53
10,13,0.01939105987548828,0.22624647617340088,1.785308837890625,0.6228576898574829,1024.05
10,14,0.10001623630523682,0.20639508962631226,1.78973388671875,0.698854923248291,1026.6
10,15,0.01496744155883789,0.14640507102012634,1.796661376953125,0.597887396812439,1027.12
10,16,0.014895200729370117,0.3146686553955078,1.78411865234375,0.6445314288139343,1029.62
10,17,0.10044905543327332,0.28092479705810547,1.778045654296875,0.7181402444839478,1030.13
10,18,0.19596076011657715,0.2299809455871582,1.7808837890625,0.7992202043533325,1032.65
10,19,0.019770920276641846,0.11532911658287048,1.79815673828125,0.5938167572021484,1033.17
10,20,0.02167510986328125,0.25430187582969666,1.8243408203125,0.645267903804779,1035.67
10,21,0.0234052836894989,0.37571245431900024,1.81396484375,0.68030846118927,1036.19
10,22,0.09048515558242798,0.16217970848083496,1.808685302734375,0.6817446947097778,1038.73
10,23,0.10344284772872925,0.22149264812469482,1.786712646484375,0.705904483795166,1039.25
10,24,0.014487385749816895,0.3248303234577179,1.791473388671875,0.6493785381317139,1041.76
10,25,0.018703699111938477,0.26566261053085327,1.7606201171875,0.6265885829925537,1042.27
10,26,0.015890657901763916,0.6207149624824524,1.795196533203125,0.7406641244888306,1044.75
10,27,0.02222895622253418,0.19386431574821472,1.79046630859375,0.6175281405448914,1045.26
10,28,0.10520479083061218,0.3275034427642822,1.790985107421875,0.7407513856887817,1047.82
10,29,0.10411536693572998,0.22589761018753052,1.79833984375,0.7113866209983826,1048.33
10,30,0.10630470514297485,0.39009708166122437,1.785125732421875,0.7588715553283691,1050.97
10,31,0.083030104637146,0.22314828634262085,1.809844970703125,0.6929280757904053,1051.48
10,32,0.01727294921875,0.2773135304450989,1.765106201171875,0.6299989223480225,1054.0
10,33,0.08381015062332153,0.36054515838623047,1.766937255859375,0.7220548987388611,1054.51
10,34,0.08582454919815063,0.4075661897659302,1.791229248046875,0.7454631924629211,1057.0
10,35,0.015872538089752197,0.1263817399740219,1.782470703125,0.5885282754898071,1057.52
10,36,0.020930320024490356,0.17409953474998474,1.784027099609375,0.6083683371543884,1060.05
10,37,0.016448497772216797,0.24496397376060486,1.806243896484375,0.6318109035491943,1060.56
10,38,0.022821754217147827,0.3679908514022827,1.78778076171875,0.669553279876709,1063.08
10,39,0.03512835502624512,0.4235205054283142,1.77325439453125,0.6941608190536499,1063.59
10,40,0.07472652196884155,0.20387259125709534,1.781982421875,0.6704831123352051,1066.13
10,41,0.015686333179473877,0.16488981246948242,1.7769775390625,0.5982465744018555,1066.64
10,42,0.08123376965522766,0.3886234164237976,1.8038330078125,0.7389706969261169,1069.14
10,43,0.018845021724700928,0.7962474226951599,1.777313232421875,0.7909132838249207,1069.65
10,44,0.02885812520980835,0.34124305844306946,1.773712158203125,0.6633447408676147,1072.12
10,45,0.07360813021659851,0.33215606212615967,1.80401611328125,0.7144598364830017,1072.63
10,46,0.011866867542266846,0.512691080570221,1.795501708984375,0.7043247222900391,1075.11
10,47,0.021802574396133423,0.18405237793922424,1.78692626953125,0.6130962371826172,1075.63
10,48,0.012783169746398926,0.33833110332489014,1.77886962890625,0.647943377494812,1078.17
10,49,0.019450068473815918,0.28305310010910034,1.771209716796875,0.6357289552688599,1078.68
10,50,0.02226024866104126,0.18652963638305664,1.7933349609375,0.6162196397781372,1081.11
10,51,0.08159428834915161,0.5034036636352539,1.7823486328125,0.7673200368881226,1081.62
10,52,0.06533432006835938,0.11974877119064331,1.785675048828125,0.6369614601135254,1084.13
10,53,0.08023881912231445,0.3284803330898285,1.78924560546875,0.7155566215515137,1084.64
10,54,0.009279370307922363,0.27247199416160583,1.79571533203125,0.6297355890274048,1087.19
10,55,0.14400362968444824,0.2363564372062683,1.784332275390625,0.7502102851867676,1087.75
10,56,0.0850335955619812,0.20967477560043335,1.78662109375,0.6839224100112915,1090.34
10,57,0.021232813596725464,0.44674211740493774,1.812408447265625,0.6989780068397522,1090.85
10,58,0.08730208873748779,0.20093239843845367,1.78497314453125,0.6830737590789795,1093.36
10,59,0.017062753438949585,0.2429128885269165,1.79656982421875,0.6289075613021851,1093.87
10,60,0.08440291881561279,0.18201524019241333,1.794708251953125,0.6774200201034546,1096.15
11,0,0.011689305305480957,0.24207660555839539,1.784942626953125,0.6197950839996338,1100.73
11,1,0.015614330768585205,0.2731921672821045,1.776214599609375,0.630436360836029,1101.24
11,2,0.07770824432373047,0.2424832433462143,1.78143310546875,0.684883177280426,1103.79
11,3,0.012997627258300781,0.11406518518924713,1.790802001953125,0.5844578146934509,1104.3
11,4,0.094332754611969,0.6044811606407166,1.792083740234375,0.8133022785186768,1109.36
11,5,0.023938000202178955,0.12556949257850647,1.773345947265625,0.5936126708984375,1109.87
11,6,0.021099448204040527,0.35935842990875244,1.770050048828125,0.6599220037460327,1112.4
11,7,0.08550184965133667,0.23154646158218384,1.801055908203125,0.6952825784683228,1112.91
11,8,0.016492128372192383,0.19658227264881134,1.78240966796875,0.6101897358894348,1115.44
11,9,0.01873689889907837,0.17042657732963562,1.7822265625,0.6045328378677368,1115.95
11,10,0.014183521270751953,0.409427285194397,1.771026611328125,0.6683197021484375,1118.48
11,11,0.018915653228759766,0.10808080434799194,1.794921875,0.5898164510726929,1119.0
11,12,0.06661850214004517,0.2887711822986603,1.789581298828125,0.6901242733001709,1121.48
11,13,0.06775739789009094,0.2178608775138855,1.79815673828125,0.6725627183914185,1121.99
11,14,0.0206221342086792,0.2378482222557068,1.776214599609375,0.6248409748077393,1124.58
11,15,0.013072282075881958,0.19310390949249268,1.788970947265625,0.6076947450637817,1125.09
11,16,0.16267162561416626,0.144700825214386,1.78924560546875,0.7428555488586426,1127.65
11,17,0.0129891037940979,0.30676692724227905,1.818359375,0.6505270004272461,1128.17
11,18,0.01611560583114624,0.19409716129302979,1.78912353515625,0.6110818386077881,1130.75
11,19,0.014035582542419434,0.29548338055610657,1.78466796875,0.6380810141563416,1131.27
11,20,0.09046071767807007,0.3203478455543518,1.77679443359375,0.719603419303894,1133.78
11,21,0.015520274639129639,0.1546570062637329,1.777618408203125,0.5952029228210449,1134.29
11,22,0.015292257070541382,0.16928213834762573,1.780853271484375,0.6003328561782837,1136.67
11,23,0.020474791526794434,0.2926972508430481,1.78302001953125,0.6431900262832642,1137.18
11,24,0.07733571529388428,0.2847137451171875,1.79498291015625,0.7012447118759155,1139.73
11,25,0.020109176635742188,0.3091786205768585,1.786224365234375,0.6487300992012024,1140.24
11,26,0.013685464859008789,0.3380267322063446,1.80596923828125,0.6568842530250549,1142.7
11,27,0.03024613857269287,0.29547446966171265,1.78753662109375,0.655149519443512,1143.21
11,28,0.023543208837509155,0.25757572054862976,1.788604736328125,0.6373974084854126,1145.65
11,29,0.01583823561668396,0.29032713174819946,1.7877197265625,0.6392523050308228,1146.17
11,30,0.0754626989364624,0.111572265625,1.77667236328125,0.6419361233711243,1148.6
11,31,0.07800647616386414,0.10618835687637329,1.783782958984375,0.6449978947639465,1149.11
11,32,0.015364915132522583,0.09045886248350143,1.78424072265625,0.5777748227119446,1151.57
11,33,0.08300954103469849,0.3441522717475891,1.774444580078125,0.7185885906219482,1152.09
11,34,0.15405771136283875,0.17282676696777344,1.7833251953125,0.7409033179283142,1154.65
11,35,0.09641185402870178,0.11120530962944031,1.78387451171875,0.664935827255249,1155.16
11,36,0.012698054313659668,0.16334152221679688,1.780029296875,0.5957093238830566,1157.79
11,37,0.013328909873962402,0.20009872317314148,1.808685302734375,0.6159641742706299,1158.3
11,38,0.01781916618347168,0.3485121726989746,1.770660400390625,0.6535709500312805,1160.73
11,39,0.10390862822532654,0.130918949842453,1.7901611328125,0.6802326440811157,1161.24
11,40,0.012343406677246094,0.25241681933403015,1.788360595703125,0.6245766878128052,1163.7
11,41,0.08173581957817078,0.08969199657440186,1.784271240234375,0.6439248323440552,1164.22
11,42,0.027848124504089355,0.484291136264801,1.7840576171875,0.7083527445793152,1166.76
11,43,0.07169479131698608,0.24413001537322998,1.787261962890625,0.6811124086380005,1167.27
11,44,0.021188199520111084,0.36165687441825867,1.785308837890625,0.6652779579162598,1169.83
11,45,0.016353070735931396,0.41138672828674316,1.79718017578125,0.6789231300354004,1170.36
11,46,0.013465732336044312,0.14832903444766998,1.774017333984375,0.5901696681976318,1172.84
11,47,0.0870063304901123,0.23592999577522278,1.771881103515625,0.6893496513366699,1173.36
11,48,0.09538379311561584,0.2489127218723297,1.794525146484375,0.708415150642395,1175.83
11,49,0.012210637331008911,0.2079916000366211,1.789642333984375,0.6115008592605591,1176.35
11,50,0.0093497633934021,0.3086508810520172,1.787322998046875,0.6381419897079468,1178.82
11,51,0.07744181156158447,0.10299283266067505,1.768341064453125,0.638841986656189,1179.33
11,52,0.08131948113441467,0.16545018553733826,1.790069580078125,0.6679754257202148,1181.98
11,53,0.01728573441505432,0.23109036684036255,1.777496337890625,0.6198617219924927,1182.49
11,54,0.009555816650390625,0.2845779359340668,1.774993896484375,0.6274273991584778,1184.9
11,55,0.013484686613082886,0.27386024594306946,1.80657958984375,0.6376166343688965,1185.42
11,56,0.014898240566253662,0.12142163515090942,1.796722412109375,0.5903414487838745,1187.91
11,57,0.02105402946472168,0.0658717155456543,1.794891357421875,0.5792829394340515,1188.42
11,58,0.017456769943237305,0.13919436931610107,1.788299560546875,0.595704972743988,1190.92
11,59,0.1273835301399231,0.2240360528230667,1.792694091796875,0.7324025630950928,1191.43
11,60,0.025866150856018066,0.2722231149673462,1.787261962890625,0.6437116861343384,1193.72
12,0,0.016988039016723633,0.20578300952911377,1.774627685546875,0.6111112833023071,1198.45
12,1,0.02490818500518799,0.16508689522743225,1.79986572265625,0.614393949508667,1198.96
12,2,0.015389800071716309,0.11023710668087006,1.788330078125,0.5849599838256836,1201.38
12,3,0.07902538776397705,0.26691934466362,1.77923583984375,0.6928719878196716,1201.9
12,4,0.015419423580169678,0.08760935068130493,1.784637451171875,0.5770934820175171,1204.46
12,5,0.01371753215789795,0.3027471601963043,1.79949951171875,0.6443915367126465,1204.98
12,6,0.013156294822692871,0.19168008863925934,1.795257568359375,0.6092376708984375,1209.95
12,7,0.02175670862197876,0.2640138864517212,1.770294189453125,0.6320492029190063,1210.47
12,8,0.011154323816299438,0.11435914039611816,1.791412353515625,0.5828858017921448,1213.0
12,9,0.015969157218933105,0.4025750160217285,1.790313720703125,0.6738357543945312,1213.52
12,10,0.08477306365966797,0.08839783072471619,1.78448486328125,0.6466379165649414,1216.03
12,11,0.00988161563873291,0.2697295546531677,1.80706787109375,0.6329208612442017,1216.56
12,12,0.025000423192977905,0.2974703013896942,1.808441162109375,0.6567739248275757,1219.12
12,13,0.08078369498252869,0.17488783597946167,1.77996826171875,0.667240560054779,1219.63
12,14,0.06984880566596985,0.1575450301170349,1.78033447265625,0.6512126922607422,1222.18
12,15,0.02100011706352234,0.1287131905555725,1.7857666015625,0.595344066619873,1222.69
12,16,0.07936102151870728,0.12274077534675598,1.7823486328125,0.6508878469467163,1225.15
12,17,0.02000322937965393,0.1880885362625122,1.787811279296875,0.6127731800079346,1225.66
12,18,0.008843302726745605,0.13587245345115662,1.791748046875,0.5871294736862183,1228.16
12,19,0.09771418571472168,0.2989824712276459,1.771728515625,0.7189275026321411,1228.67
12,20,0.011778771877288818,0.15003010630607605,1.789520263671875,0.5936439037322998,1231.2
12,21,0.009101510047912598,0.19492468237876892,1.797149658203125,0.6067238450050354,1231.72
12,22,0.021702289581298828,0.26915815472602844,1.789398193359375,0.6392691731452942,1234.3
12,23,0.020521610975265503,0.11820472776889801,1.786376953125,0.591896116733551,1234.82
12,24,0.07943236827850342,0.20264530181884766,1.8123779296875,0.6839393377304077,1237.35
12,25,0.08085629343986511,0.09075602889060974,1.7796630859375,0.6419820785522461,1237.86
12,26,0.016444146633148193,0.19024211168289185,1.786956787109375,0.6096038222312927,1240.43
12,27,0.0103532075881958,0.2406301349401474,1.772216796875,0.6142073273658752,1240.95
12,28,0.02020198106765747,0.11567950248718262,1.783233642578125,0.5898759365081787,1243.48
12,29,0.08945155143737793,0.24166655540466309,1.7989501953125,0.701636552810669,1243.99
12,30,0.01287752389907837,0.27323490381240845,1.789520263671875,0.6317040920257568,1246.59
12,31,0.0766376256942749,0.0813232958316803,1.784271240234375,0.6363160610198975,1247.11
12,32,0.021212279796600342,0.2969054579734802,1.788604736328125,0.6468653678894043,1249.61
12,33,0.011842131614685059,0.4103371500968933,1.774871826171875,0.6674048900604248,1250.13
12,34,0.009449392557144165,0.1204601526260376,1.7801513671875,0.5796328783035278,1252.61
12,35,0.008193045854568481,0.35606858134269714,1.798095703125,0.654442310333252,1253.12
12,36,0.015801429748535156,0.34164899587631226,1.769622802734375,0.6491830348968506,1255.68
12,37,0.011759817600250244,0.07053285837173462,1.7724609375,0.5646579265594482,1256.19
12,38,0.15940254926681519,0.131150484085083,1.79388427734375,0.7369130253791809,1258.86
12,39,0.013758867979049683,0.24077729880809784,1.786041259765625,0.621804416179657,1259.37
12,40,0.014951735734939575,0.3163350522518158,1.774566650390625,0.6422222852706909,1261.91
12,41,0.07906410098075867,0.17906367778778076,1.77593994140625,0.6655652523040771,1262.42
12,42,0.06065061688423157,0.16020548343658447,1.78759765625,0.6449915766716003,1264.88
12,43,0.013547360897064209,0.17645153403282166,1.768402099609375,0.5970035195350647,1265.39
12,44,0.009343266487121582,0.4951411783695221,1.78717041015625,0.6940367817878723,1267.87
12,45,0.022274672985076904,0.08423447608947754,1.790069580078125,0.5845659375190735,1268.38
12,46,0.01402541995048523,0.17117464542388916,1.802978515625,0.6062713861465454,1270.92
12,47,0.07941794395446777,0.35640791058540344,1.780548095703125,0.7205047607421875,1271.43
12,48,0.017599642276763916,0.0817461609840393,1.778717041015625,0.5757386088371277,1273.93
12,49,0.008914798498153687,0.08698832988739014,1.796783447265625,0.5740463733673096,1274.44
12,50,0.018470317125320435,0.13731825351715088,1.785308837890625,0.5952584743499756,1276.9
12,51,0.014199793338775635,0.09461185336112976,1.78692626953125,0.5786612629890442,1277.41
12,52,0.009591490030288696,0.14189273118972778,1.79339599609375,0.5901781320571899,1279.98
12,53,0.010248422622680664,0.21725010871887207,1.76715087890625,0.6055687665939331,1280.49
12,54,0.012835711240768433,0.06424777209758759,1.804962158203125,0.5735986828804016,1282.9
12,55,0.08086419105529785,0.3004474937915802,1.778839111328125,0.7046502232551575,1283.41
12,56,0.027624666690826416,0.1153407096862793,1.7891845703125,0.5989822745323181,1286.02
12,57,0.014399975538253784,0.08040007948875427,1.798065185546875,0.5779395699501038,1286.54
12,58,0.009725779294967651,0.18051299452781677,1.79376220703125,0.6020083427429199,1289.13
12,59,0.08803817629814148,0.12857067584991455,1.793060302734375,0.6645274758338928,1289.65
12,60,0.0158236026763916,0.11790433526039124,1.788970947265625,0.5878862142562866,1291.84
13,0,0.009570538997650146,0.07462954521179199,1.781036376953125,0.5662703514099121,1296.39
13,1,0.08000314235687256,0.20709946751594543,1.797088623046875,0.6812596321105957,1296.9
13,2,0.013204514980316162,0.34754353761672974,1.767303466796875,0.64765864610672,1299.46
13,3,0.08880847692489624,0.13378140330314636,1.785797119140625,0.6646820902824402,1299.98
13,4,0.01851668953895569,0.4881269931793213,1.78741455078125,0.7011791467666626,1305.03
13,5,0.013189643621444702,0.13950566947460175,1.77264404296875,0.5868346095085144,1305.55
13,6,0.010529518127441406,0.22186391055583954,1.781951904296875,0.6116743087768555,1308.14
13,7,0.011507809162139893,0.12617352604866028,1.784454345703125,0.5846961736679077,1308.65
13,8,0.016692936420440674,0.19146199524402618,1.796844482421875,0.613184928894043,1311.18
13,9,0.0859329104423523,0.3312428593635559,1.78033447265625,0.7194061279296875,1311.69
13,10,0.023457378149032593,0.10643906146287918,1.761199951171875,0.5837491154670715,1314.18
13,11,0.017094403505325317,0.37973177433013916,1.773101806640625,0.662944495677948,1314.7
13,12,0.012873023748397827,0.14359664916992188,1.7840576171875,0.5911692976951599,1317.19
13,13,0.1005779504776001,0.1509147584438324,1.800384521484375,0.685967743396759,1317.7
13,14,0.007768690586090088,0.4172581136226654,1.79534912109375,0.6715508699417114,1320.16
13,15,0.033185213804244995,0.17550000548362732,1.772216796875,0.6175003051757812,1320.68
13,16,0.08276587724685669,0.19779813289642334,1.76837158203125,0.6726168394088745,1323.21
13,17,0.008981168270111084,0.1589564085006714,1.7982177734375,0.5961334705352783,1323.73
13,18,0.019885540008544922,0.11510342359542847,1.797393798828125,0.5936347246170044,1326.25
13,19,0.0821232795715332,0.17683076858520508,1.7684326171875,0.6657023429870605,1326.77
13,20,0.08988040685653687,0.17308907210826874,1.77154541015625,0.6732707619667053,1329.24
13,21,0.014930546283721924,0.3748701810836792,1.757781982421875,0.6547262668609619,1329.75
13,22,0.013057529926300049,0.17314524948596954,1.81915283203125,0.6107469797134399,1332.2
13,23,0.016941308975219727,0.05106469988822937,1.796844482421875,0.5713140964508057,1332.71
13,24,0.021314382553100586,0.1778925359249115,1.782196044921875,0.609341025352478,1335.26
13,25,0.016203880310058594,0.15539300441741943,1.763702392578125,0.5919325351715088,1335.78
13,26,0.08539903163909912,0.18887358903884888,1.7841796875,0.6773150563240051,1338.39
13,27,0.016566455364227295,0.13711030781269073,1.78045654296875,0.5918365716934204,1338.91
13,28,0.01638704538345337,0.10577332973480225,1.7933349609375,0.5861195921897888,1341.41
13,29,0.009603321552276611,0.18888035416603088,1.790283203125,0.603352427482605,1341.92
13,30,0.013869911432266235,0.22649742662906647,1.79302978515625,0.6197280883789062,1344.41
13,31,0.02707308530807495,0.1576976627111435,1.77984619140625,0.6083362698554993,1344.92
13,32,0.0147780179977417,0.06477243453264236,1.781768798828125,0.5687403678894043,1347.44
13,33,0.07777178287506104,0.16923949122428894,1.7974853515625,0.6677892208099365,1347.95
13,34,0.01587468385696411,0.12559205293655396,1.78436279296875,0.5888611078262329,1350.51
13,35,0.015408188104629517,0.11392837762832642,1.786224365234375,0.5854540467262268,1351.03
13,36,0.01946672797203064,0.05641990900039673,1.798583984375,0.5759679079055786,1353.55
13,37,0.0125313401222229,0.07186456024646759,1.7557373046875,0.5608119368553162,1354.06
13,38,0.016959071159362793,0.12468443810939789,1.7947998046875,0.5928043723106384,1356.54
13,39,0.013161420822143555,0.20567193627357483,1.77862548828125,0.608450710773468,1357.05
13,40,0.0071991682052612305,0.1571025550365448,1.779632568359375,0.5882197022438049,1359.52
13,41,0.160677969455719,0.217420756816864,1.79046630859375,0.7630441188812256,1360.04
13,42,0.01018071174621582,0.08704206347465515,1.805084228515625,0.5778186321258545,1362.6
13,43,0.01331135630607605,0.1190909743309021,1.7813720703125,0.5834503173828125,1363.12
13,44,0.011828035116195679,0.15749582648277283,1.77587890625,0.5918405055999756,1365.64
13,45,0.011844158172607422,0.06340458244085312,1.79986572265625,0.5708252787590027,1366.15
13,46,0.08010819554328918,0.19383879005908966,1.785125732421875,0.6737975478172302,1368.65
13,47,0.031422972679138184,0.15145787596702576,1.7767333984375,0.6098803281784058,1369.16
13,48,0.07909005880355835,0.24730916321277618,1.781097412109375,0.6876120567321777,1371.75
13,49,0.06933841109275818,0.1795366406440735,1.799713134765625,0.6631133556365967,1372.27
13,50,0.013089776039123535,0.19449754059314728,1.79150390625,0.6088902354240417,1375.04
13,51,0.1859039068222046,0.1850605309009552,1.79022216796875,0.7784887552261353,1375.56
13,52,0.010769009590148926,0.09534262120723724,1.787139892578125,0.5755137801170349,1378.14
13,53,0.011194050312042236,0.09600752592086792,1.77032470703125,0.571093738079071,1378.65
13,54,0.012506842613220215,0.22625690698623657,1.80023193359375,0.6204534769058228,1381.09
13,55,0.07718667387962341,0.18926361203193665,1.792510986328125,0.6717190742492676,1381.6
13,56,0.011336803436279297,0.1918092966079712,1.7947998046875,0.6073195934295654,1384.11
13,57,0.014429628849029541,0.3083783984184265,1.794769287109375,0.6453739404678345,1384.63
13,58,0.013136059045791626,0.4177848696708679,1.7869873046875,0.6745677590370178,1387.14
13,59,0.010482490062713623,0.12959927320480347,1.771820068359375,0.5809082984924316,1387.65
13,60,0.011276781558990479,0.11552673578262329,1.796173095703125,0.5847867727279663,1390.04
14,0,0.01207849383354187,0.15992960333824158,1.772247314453125,0.591731607913971,1394.39
14,1,0.00801163911819458,0.1470472812652588,1.79290771484375,0.5899981260299683,1394.9
14,2,0.017426103353500366,0.08576145768165588,1.77471923828125,0.5755703449249268,1397.39
14,3,0.016612738370895386,0.3086189329624176,1.758270263671875,0.6366795301437378,1400.32
14,4,0.08304476737976074,0.05712389945983887,1.780242919921875,0.6342548131942749,1403.12
14,5,0.015382200479507446,0.07310979068279266,1.772247314453125,0.5689893364906311,1403.63
14,6,0.015186697244644165,0.22727730870246887,1.782440185546875,0.6181020140647888,1406.15
14,7,0.015083730220794678,0.05822136998176575,1.778350830078125,0.566055417060852,1406.66
14,8,0.2333289384841919,0.12912341952323914,1.766632080078125,0.8020555973052979,1409.2
14,9,0.012033581733703613,0.05290120095014572,1.779083251953125,0.5616289377212524,1409.71
14,10,0.08106023073196411,0.12687772512435913,1.767608642578125,0.6494061946868896,1412.25
14,11,0.011316657066345215,0.10021395981311798,1.794464111328125,0.5797200798988342,1412.77
14,12,0.020943939685821533,0.20485854148864746,1.7984619140625,0.6219401359558105,1415.45
14,13,0.012044757604598999,0.2976483702659607,1.78668212890625,0.6373439431190491,1415.96
14,14,0.09202086925506592,0.13156449794769287,1.800384521484375,0.6716055870056152,1418.48
14,15,0.16401314735412598,0.26123470067977905,1.783477783203125,0.7774269580841064,1419.0
14,16,0.010811924934387207,0.17132417857646942,1.781005859375,0.5965109467506409,1421.69
14,17,0.02087390422821045,0.11741778254508972,1.786407470703125,0.5920215249061584,1422.2
14,18,0.08398622274398804,0.07257808744907379,1.76824951171875,0.6362345218658447,1424.6
14,19,0.11920541524887085,0.18137648701667786,1.780517578125,0.7077736854553223,1425.11
14,20,0.01083606481552124,0.23598289489746094,1.796539306640625,0.6205927729606628,1427.69
14,21,0.017623305320739746,0.24973611533641815,1.793701171875,0.630654513835907,1428.2
14,22,0.071117103099823,0.04876995086669922,1.779022216796875,0.6194547414779663,1430.72
14,23,0.0819140076637268,0.0531996488571167,1.802215576171875,0.6385385990142822,1431.23
14,24,0.011010885238647461,0.22581112384796143,1.787567138671875,0.6150243878364563,1433.76
14,25,0.15038073062896729,0.06314742565155029,1.80401611328125,0.7105298042297363,1434.27
14,26,0.15261924266815186,0.0800134539604187,1.783172607421875,0.7115750908851624,1436.83
14,27,0.020853698253631592,0.33665966987609863,1.776123046875,0.6546885371208191,1437.34
14,28,0.0765300989151001,0.12079419940710068,1.787384033203125,0.6489835977554321,1440.03
14,29,0.016469061374664307,0.22678500413894653,1.78948974609375,0.6213514804840088,1440.54
14,30,0.053969889879226685,0.0808129757642746,1.791900634765625,0.6157840490341187,1443.2
14,31,0.095284104347229,0.10449975728988647,1.790374755859375,0.6637464761734009,1443.72
14,32,0.016348063945770264,0.14338111877441406,1.771514892578125,0.5908169150352478,1446.24
14,33,0.02137315273284912,0.23654277622699738,1.80291748046875,0.6332112550735474,1446.75
14,34,0.009428858757019043,0.2265118807554245,1.808563232421875,0.6199514269828796,1449.28
14,35,0.09787550568580627,0.053070008754730225,1.76361083984375,0.6428797841072083,1449.79
14,36,0.01453256607055664,0.13052406907081604,1.77679443359375,0.5867281556129456,1452.36
14,37,0.01241198182106018,0.1500050127506256,1.802093505859375,0.5980415344238281,1452.88
14,38,0.01216268539428711,0.1642095446586609,1.787322998046875,0.5976225137710571,1455.42
14,39,0.010124772787094116,0.21484526991844177,1.796478271484375,0.6135218739509583,1455.94
14,40,0.01807183027267456,0.5521520376205444,1.786468505859375,0.7196580171585083,1458.49
14,41,0.01382550597190857,0.11038563400506973,1.789642333984375,0.5838339328765869,1459.01
14,42,0.0130997896194458,0.09512757509946823,1.775390625,0.5742552876472473,1461.49
14,43,0.016928523778915405,0.11880777031183243,1.778076171875,0.585993766784668,1462.0
14,44,0.01131284236907959,0.11063060164451599,1.787628173828125,0.5807905197143555,1464.49
14,45,0.013292968273162842,0.17503827810287476,1.780548095703125,0.5999689102172852,1465.0
14,46,0.009617507457733154,0.26229703426361084,1.792694091796875,0.6261148452758789,1467.57
14,47,0.08827149868011475,0.21300449967384338,1.807220458984375,0.6943390369415283,1468.08
14,48,0.07601282000541687,0.09221100807189941,1.786376953125,0.639589250087738,1470.6
14,49,0.06859862804412842,0.27916419506073,1.756500244140625,0.6792980432510376,1471.11
14,50,0.08853644132614136,0.32068538665771484,1.796630859375,0.7237313985824585,1473.6
14,51,0.013188540935516357,0.14520427584648132,1.779205322265625,0.5905114412307739,1474.11
14,52,0.07543334364891052,0.2971707284450531,1.793487548828125,0.702630877494812,1476.62
14,53,0.013638734817504883,0.18305456638336182,1.783721923828125,0.6036717295646667,1477.13
14,54,0.018799424171447754,0.08214187622070312,1.792694091796875,0.5812502503395081,1479.7
14,55,0.07846230268478394,0.07420822978019714,1.789825439453125,0.6376724243164062,1480.21
14,56,0.0139390230178833,0.3193625807762146,1.76812744140625,0.640186071395874,1482.71
14,57,0.012831151485443115,0.16104772686958313,1.77777099609375,0.5944768190383911,1483.22
14,58,0.08262008428573608,0.2526096999645233,1.805267333984375,0.6999831795692444,1485.71
14,59,0.01115328073501587,0.24250854551792145,1.779449462890625,0.6177407503128052,1486.22
14,60,0.07949069142341614,0.16776920855045319,1.774932861328125,0.6623013019561768,1488.53
