clip_id,n_horse_detections,type,d_meters,mpp,takeoff_frame
2S-4eXbehr4_10020000,16,,,,-1
2S-4eXbehr4_10050000,16,,,,-1
2S-4eXbehr4_10110000,15,oxer,1.3290369375412578,0.01804123711340206,28
2S-4eXbehr4_10140000,11,,,,-1
2S-4eXbehr4_10170000,16,,,,-1
2S-4eXbehr4_10200000,16,,,,-1
2S-4eXbehr4_10230000,9,oxer,2.3760773772950485,0.023240371845949535,28
2S-4eXbehr4_10260000,16,,,,-1
2S-4eXbehr4_10290000,13,,,,-1
2S-4eXbehr4_10320000,11,,,,-1
2S-4eXbehr4_10410000,12,oxer,0.9872064312841496,0.01627906976744186,22
2S-4eXbehr4_10440000,15,,,,-1
2S-4eXbehr4_10500000,10,vertical,3.4935911940531423,0.04794520547945205,22
2S-4eXbehr4_10530000,9,,,,-1
2S-4eXbehr4_10560000,11,,,,-1
2S-4eXbehr4_10590000,16,oxer,4.662950333293032,0.033718689788053945,28
2S-4eXbehr4_10650000,13,vertical,2.502032677459088,0.023178807947019868,28
2S-4eXbehr4_10680000,16,,,,-1
2S-4eXbehr4_10710000,14,,,,-1
2S-4eXbehr4_10740000,10,vertical,2.316861054851997,0.02422145328719723,20
2S-4eXbehr4_10770000,14,oxer,1.4769911524603587,0.020564042303172738,24
2S-4eXbehr4_1080000,15,,,,-1
2S-4eXbehr4_10800000,10,,,,-1
2S-4eXbehr4_10830000,15,,,,-1
2S-4eXbehr4_10860000,14,oxer,0.971670153757763,0.01808785529715762,28
2S-4eXbehr4_10890000,13,vertical,3.9811361316770433,0.043050430504305036,22
2S-4eXbehr4_10920000,10,,,,-1
2S-4eXbehr4_11220000,15,,,,-1
2S-4eXbehr4_11340000,8,oxer,3.3743487239888434,0.0341796875,16
2S-4eXbehr4_1140000,8,,,,-1
2S-4eXbehr4_11460000,16,,,,-1
2S-4eXbehr4_11550000,8,vertical,3.408353831244993,0.03897550111358574,24
2S-4eXbehr4_11580000,16,,,,-1
2S-4eXbehr4_11610000,8,,,,-1
2S-4eXbehr4_11640000,16,,,,-1
2S-4eXbehr4_11700000,15,,,,-1
2S-4eXbehr4_11730000,9,,,,-1
2S-4eXbehr4_11760000,14,,,,-1
2S-4eXbehr4_11820000,11,,,,-1
2S-4eXbehr4_11880000,10,,,,-1
2S-4eXbehr4_11910000,16,,,,-1
2S-4eXbehr4_11940000,16,,,,-1
2S-4eXbehr4_1200000,14,,,,-1
2S-4eXbehr4_12090000,16,,,,-1
2S-4eXbehr4_12120000,7,,,,-1
2S-4eXbehr4_12270000,16,,,,-1
2S-4eXbehr4_1230000,16,,,,-1
2S-4eXbehr4_12330000,15,,,,-1
2S-4eXbehr4_12360000,14,,,,-1
2S-4eXbehr4_12390000,11,oxer,2.611274055191308,0.04533678756476683,24
2S-4eXbehr4_12420000,13,,,,-1
2S-4eXbehr4_12450000,11,,,,-1
2S-4eXbehr4_12480000,13,,,,-1
2S-4eXbehr4_12510000,16,,,,-1
2S-4eXbehr4_12540000,10,,,,-1
2S-4eXbehr4_12570000,15,oxer,0.4777963806578959,0.02255154639175258,28
2S-4eXbehr4_12600000,10,vertical,1.8347911954092027,0.023841961852861037,16
2S-4eXbehr4_12630000,16,vertical,1.8878141073316863,0.02847843775427177,28
2S-4eXbehr4_12660000,8,oxer,2.1828885093725225,0.029362416107382546,26
2S-4eXbehr4_12690000,16,vertical,5.595800602507319,0.044585987261146494,28
2S-4eXbehr4_12720000,14,,,,-1
2S-4eXbehr4_12750000,11,,,,-1
2S-4eXbehr4_12810000,8,,,,-1
2S-4eXbehr4_1290000,13,,,,-1
2S-4eXbehr4_13050000,11,oxer,1.073950070319193,0.019444444444444445,22
2S-4eXbehr4_13080000,11,,,,-1
2S-4eXbehr4_13170000,16,,,,-1
2S-4eXbehr4_1320000,14,,,,-1
2S-4eXbehr4_13200000,15,,,,-1
2S-4eXbehr4_13230000,13,,,,-1
2S-4eXbehr4_13260000,10,,,,-1
2S-4eXbehr4_13290000,16,,,,-1
2S-4eXbehr4_13320000,16,,,,-1
2S-4eXbehr4_13350000,16,,,,-1
2S-4eXbehr4_13380000,13,,,,-1
2S-4eXbehr4_13410000,10,oxer,1.5259407860364858,0.02347417840375587,16
2S-4eXbehr4_13440000,16,,,,-1
2S-4eXbehr4_13470000,13,oxer,0.6808968101675412,0.023026315789473683,28
2S-4eXbehr4_1350000,13,,,,-1
2S-4eXbehr4_13500000,16,,,,-1
2S-4eXbehr4_13620000,15,,,,-1
2S-4eXbehr4_13680000,7,,,,-1
2S-4eXbehr4_13710000,13,,,,-1
2S-4eXbehr4_13740000,14,,,,-1
2S-4eXbehr4_1380000,16,,,,-1
2S-4eXbehr4_13920000,9,,,,-1
2S-4eXbehr4_13950000,10,,,,-1
2S-4eXbehr4_1410000,16,,,,-1
2S-4eXbehr4_14100000,12,oxer,1.3443802244977956,0.021511985248924403,20
2S-4eXbehr4_14130000,6,,,,-1
2S-4eXbehr4_14160000,14,vertical,0.8942666038843109,0.019487750556792874,26
2S-4eXbehr4_14190000,8,,,,-1
2S-4eXbehr4_14250000,9,,,,-1
2S-4eXbehr4_14280000,16,,,,-1
2S-4eXbehr4_14310000,13,,,,-1
2S-4eXbehr4_14340000,14,,,,-1
2S-4eXbehr4_1440000,14,vertical,2.56139363411147,0.05672609400324149,28
2S-4eXbehr4_14430000,10,vertical,3.2241598708563304,0.027322404371584702,28
2S-4eXbehr4_1470000,16,,,,-1
2S-4eXbehr4_14700000,13,,,,-1
2S-4eXbehr4_14880000,11,,,,-1
2S-4eXbehr4_1500000,7,,,,-1
2S-4eXbehr4_15060000,16,,,,-1
2S-4eXbehr4_15180000,16,,,,-1
2S-4eXbehr4_15210000,16,,,,-1
2S-4eXbehr4_15240000,9,,,,-1
2S-4eXbehr4_15270000,16,,,,-1
2S-4eXbehr4_1530000,16,,,,-1
2S-4eXbehr4_15300000,16,,,,-1
2S-4eXbehr4_15330000,12,,,,-1
2S-4eXbehr4_15360000,14,,,,-1
2S-4eXbehr4_15390000,16,,,,-1
2S-4eXbehr4_15420000,14,,,,-1
2S-4eXbehr4_15450000,11,oxer,0.9546324988092709,0.023026315789473683,28
2S-4eXbehr4_15510000,16,,,,-1
2S-4eXbehr4_15570000,13,,,,-1
2S-4eXbehr4_15600000,13,,,,-1
2S-4eXbehr4_15690000,10,,,,-1
2S-4eXbehr4_15720000,13,,,,-1
2S-4eXbehr4_15750000,16,,,,-1
2S-4eXbehr4_15810000,13,,,,-1
2S-4eXbehr4_1590000,16,,,,-1
2S-4eXbehr4_16170000,16,,,,-1
2S-4eXbehr4_1620000,13,oxer,1.9938733815492444,0.0199203187250996,28
2S-4eXbehr4_16200000,16,,,,-1
2S-4eXbehr4_16230000,12,,,,-1
2S-4eXbehr4_16260000,10,,,,-1
2S-4eXbehr4_16290000,16,,,,-1
2S-4eXbehr4_16440000,16,,,,-1
2S-4eXbehr4_16470000,13,,,,-1
2S-4eXbehr4_1650000,16,,,,-1
2S-4eXbehr4_16500000,16,,,,-1
2S-4eXbehr4_16530000,16,,,,-1
2S-4eXbehr4_16560000,7,,,,-1
2S-4eXbehr4_16590000,16,,,,-1
2S-4eXbehr4_16650000,15,,,,-1
2S-4eXbehr4_16680000,14,,,,-1
2S-4eXbehr4_16710000,14,vertical,5.759639962012166,0.054602184087363496,28
2S-4eXbehr4_16740000,16,,,,-1
2S-4eXbehr4_1680000,14,,,,-1
2S-4eXbehr4_1710000,10,,,,-1
2S-4eXbehr4_1770000,15,,,,-1
2S-4eXbehr4_1800000,12,vertical,1.4513840938393403,0.029118136439267882,28
2S-4eXbehr4_1830000,16,,,,-1
2S-4eXbehr4_1860000,12,,,,-1
2S-4eXbehr4_1890000,9,,,,-1
2S-4eXbehr4_1920000,13,,,,-1
2S-4eXbehr4_2040000,14,,,,-1
2S-4eXbehr4_2100000,7,,,,-1
2S-4eXbehr4_2130000,9,,,,-1
2S-4eXbehr4_2160000,16,,,,-1
2S-4eXbehr4_2220000,16,,,,-1
2S-4eXbehr4_2250000,13,oxer,2.329327496074779,0.024475524475524476,28
2S-4eXbehr4_2310000,16,,,,-1
2S-4eXbehr4_2370000,5,oxer,2.5512388339446783,0.022965879265091863,12
2S-4eXbehr4_2400000,15,,,,-1
2S-4eXbehr4_2460000,16,,,,-1
2S-4eXbehr4_2490000,12,,,,-1
2S-4eXbehr4_2520000,16,,,,-1
2S-4eXbehr4_2550000,11,,,,-1
2S-4eXbehr4_2580000,10,,,,-1
2S-4eXbehr4_2640000,8,,,,-1
2S-4eXbehr4_2670000,13,,,,-1
2S-4eXbehr4_2700000,9,,,,-1
2S-4eXbehr4_2730000,11,,,,-1
2S-4eXbehr4_2760000,13,,,,-1
2S-4eXbehr4_2790000,14,,,,-1
2S-4eXbehr4_2820000,16,,,,-1
2S-4eXbehr4_2850000,14,,,,-1
2S-4eXbehr4_2880000,16,,,,-1
2S-4eXbehr4_2910000,16,,,,-1
2S-4eXbehr4_2940000,16,oxer,0.6199909064035455,0.024390243902439025,28
2S-4eXbehr4_2970000,16,,,,-1
2S-4eXbehr4_3000000,16,,,,-1
2S-4eXbehr4_3060000,15,oxer,0.5149814447648046,0.020685579196217496,28
2S-4eXbehr4_3090000,13,,,,-1
2S-4eXbehr4_3120000,11,,,,-1
2S-4eXbehr4_3150000,16,,,,-1
2S-4eXbehr4_3180000,9,,,,-1
2S-4eXbehr4_3210000,16,,,,-1
2S-4eXbehr4_3240000,16,,,,-1
2S-4eXbehr4_3270000,10,,,,-1
2S-4eXbehr4_3330000,16,,,,-1
2S-4eXbehr4_3390000,14,oxer,2.393555574035017,0.025735294117647058,28
2S-4eXbehr4_3450000,11,,,,-1
2S-4eXbehr4_3480000,16,,,,-1
2S-4eXbehr4_3510000,9,,,,-1
2S-4eXbehr4_3540000,11,vertical,0.9050406107510436,0.020970641102456562,28
2S-4eXbehr4_3570000,14,,,,-1
2S-4eXbehr4_3600000,16,,,,-1
2S-4eXbehr4_3630000,15,,,,-1
2S-4eXbehr4_3690000,9,,,,-1
2S-4eXbehr4_3720000,16,,,,-1
2S-4eXbehr4_3750000,16,,,,-1
2S-4eXbehr4_3780000,14,,,,-1
2S-4eXbehr4_3810000,11,,,,-1
2S-4eXbehr4_4500000,16,,,,-1
2S-4eXbehr4_4530000,9,,,,-1
2S-4eXbehr4_4560000,7,oxer,2.7918420432400635,0.02684049079754601,20
2S-4eXbehr4_4590000,9,vertical,1.4497252266120269,0.018857758620689655,28
2S-4eXbehr4_4620000,16,,,,-1
2S-4eXbehr4_4650000,16,,,,-1
2S-4eXbehr4_4680000,13,,,,-1
2S-4eXbehr4_4710000,12,,,,-1
2S-4eXbehr4_4740000,12,vertical,1.9782809811054691,0.01965188096574958,22
2S-4eXbehr4_4770000,12,vertical,1.5449934919022472,0.019241341396371632,20
2S-4eXbehr4_4800000,12,,,,-1
2S-4eXbehr4_4860000,15,,,,-1
2S-4eXbehr4_4890000,14,,,,-1
2S-4eXbehr4_4950000,7,,,,-1
2S-4eXbehr4_4980000,15,,,,-1
2S-4eXbehr4_5010000,15,,,,-1
2S-4eXbehr4_5040000,16,,,,-1
2S-4eXbehr4_5070000,14,,,,-1
2S-4eXbehr4_5100000,8,,,,-1
2S-4eXbehr4_5130000,15,,,,-1
2S-4eXbehr4_5220000,15,,,,-1
2S-4eXbehr4_5250000,7,,,,-1
2S-4eXbehr4_5280000,12,,,,-1
2S-4eXbehr4_5310000,8,,,,-1
2S-4eXbehr4_5340000,14,,,,-1
2S-4eXbehr4_5370000,16,,,,-1
2S-4eXbehr4_5400000,13,,,,-1
2S-4eXbehr4_5460000,8,,,,-1
2S-4eXbehr4_5490000,16,,,,-1
2S-4eXbehr4_5550000,12,,,,-1
2S-4eXbehr4_5580000,11,,,,-1
2S-4eXbehr4_5640000,16,,,,-1
2S-4eXbehr4_5670000,8,,,,-1
2S-4eXbehr4_5700000,15,,,,-1
2S-4eXbehr4_5730000,16,,,,-1
2S-4eXbehr4_5760000,16,,,,-1
2S-4eXbehr4_5790000,13,,,,-1
2S-4eXbehr4_5820000,13,,,,-1
2S-4eXbehr4_5850000,9,,,,-1
2S-4eXbehr4_5880000,6,,,,-1
2S-4eXbehr4_5910000,8,,,,-1
2S-4eXbehr4_5970000,8,,,,-1
2S-4eXbehr4_6000000,16,,,,-1
2S-4eXbehr4_6030000,16,,,,-1
2S-4eXbehr4_6090000,15,,,,-1
2S-4eXbehr4_6240000,16,,,,-1
2S-4eXbehr4_6270000,12,,,,-1
2S-4eXbehr4_6360000,16,,,,-1
2S-4eXbehr4_6420000,13,,,,-1
2S-4eXbehr4_6450000,16,,,,-1
2S-4eXbehr4_6510000,11,,,,-1
2S-4eXbehr4_6540000,16,,,,-1
2S-4eXbehr4_6570000,13,,,,-1
2S-4eXbehr4_6600000,8,,,,-1
2S-4eXbehr4_6630000,14,,,,-1
2S-4eXbehr4_6660000,15,,,,-1
2S-4eXbehr4_6690000,10,,,,-1
2S-4eXbehr4_6720000,16,,,,-1
2S-4eXbehr4_6750000,14,,,,-1
2S-4eXbehr4_6780000,15,,,,-1
2S-4eXbehr4_6810000,10,,,,-1
2S-4eXbehr4_6900000,11,,,,-1
2S-4eXbehr4_6930000,9,,,,-1
2S-4eXbehr4_7020000,16,,,,-1
2S-4eXbehr4_7050000,16,,,,-1
2S-4eXbehr4_7080000,16,,,,-1
2S-4eXbehr4_7110000,10,,,,-1
2S-4eXbehr4_7170000,16,,,,-1
2S-4eXbehr4_7200000,13,,,,-1
2S-4eXbehr4_7230000,15,,,,-1
2S-4eXbehr4_7260000,16,,,,-1
2S-4eXbehr4_7290000,16,,,,-1
2S-4eXbehr4_7320000,16,,,,-1
2S-4eXbehr4_7350000,13,,,,-1
2S-4eXbehr4_7380000,16,,,,-1
2S-4eXbehr4_7410000,14,,,,-1
2S-4eXbehr4_7440000,15,,,,-1
2S-4eXbehr4_7470000,11,,,,-1
2S-4eXbehr4_7530000,16,,,,-1
2S-4eXbehr4_7980000,15,,,,-1
2S-4eXbehr4_8010000,13,,,,-1
2S-4eXbehr4_8190000,14,,,,-1
2S-4eXbehr4_8220000,7,,,,-1
2S-4eXbehr4_8280000,16,,,,-1
2S-4eXbehr4_8310000,16,,,,-1
2S-4eXbehr4_8340000,12,,,,-1
2S-4eXbehr4_8370000,16,,,,-1
2S-4eXbehr4_8400000,16,,,,-1
2S-4eXbehr4_8430000,12,,,,-1
2S-4eXbehr4_8490000,13,,,,-1
2S-4eXbehr4_8550000,12,,,,-1
2S-4eXbehr4_8580000,12,,,,-1
2S-4eXbehr4_8610000,7,,,,-1
2S-4eXbehr4_8640000,14,,,,-1
2S-4eXbehr4_8670000,16,,,,-1
2S-4eXbehr4_8700000,11,,,,-1
2S-4eXbehr4_8730000,12,,,,-1
2S-4eXbehr4_8760000,8,,,,-1
2S-4eXbehr4_8820000,9,,,,-1
2S-4eXbehr4_8880000,10,,,,-1
2S-4eXbehr4_8910000,7,,,,-1
2S-4eXbehr4_8940000,16,,,,-1
2S-4eXbehr4_8970000,10,,,,-1
2S-4eXbehr4_9000000,10,,,,-1
2S-4eXbehr4_9030000,12,,,,-1
2S-4eXbehr4_9060000,16,,,,-1
2S-4eXbehr4_9090000,15,,,,-1
2S-4eXbehr4_9180000,16,,,,-1
2S-4eXbehr4_9210000,16,,,,-1
2S-4eXbehr4_9270000,14,,,,-1
2S-4eXbehr4_9300000,16,,,,-1
2S-4eXbehr4_9330000,14,,,,-1
2S-4eXbehr4_9360000,14,,,,-1
2S-4eXbehr4_9390000,11,,,,-1
2S-4eXbehr4_9420000,11,,,,-1
2S-4eXbehr4_9450000,14,,,,-1
2S-4eXbehr4_9480000,14,,,,-1
2S-4eXbehr4_9510000,7,,,,-1
2S-4eXbehr4_9540000,13,,,,-1
2S-4eXbehr4_9570000,16,,,,-1
2S-4eXbehr4_9600000,16,,,,-1
2S-4eXbehr4_9630000,16,,,,-1
2S-4eXbehr4_9660000,8,,,,-1
2S-4eXbehr4_9690000,16,,,,-1
2S-4eXbehr4_9720000,15,,,,-1
2S-4eXbehr4_9780000,16,,,,-1
2S-4eXbehr4_9810000,8,,,,-1
2S-4eXbehr4_9840000,13,,,,-1
2S-4eXbehr4_9870000,10,,,,-1
2S-4eXbehr4_9930000,14,,,,-1
2S-4eXbehr4_9990000,15,,,,-1
ApvPWiz8nBM_0030000,8,,,,-1
ApvPWiz8nBM_0630000,16,,,,-1
ApvPWiz8nBM_0660000,11,,,,-1
ApvPWiz8nBM_0690000,15,,,,-1
ApvPWiz8nBM_0720000,9,,,,-1
ApvPWiz8nBM_0750000,16,,,,-1
ApvPWiz8nBM_0810000,9,,,,-1
ApvPWiz8nBM_0840000,15,,,,-1
ApvPWiz8nBM_0870000,13,,,,-1
ApvPWiz8nBM_0900000,16,,,,-1
ApvPWiz8nBM_0960000,12,,,,-1
ApvPWiz8nBM_0990000,15,,,,-1
ApvPWiz8nBM_10020000,16,,,,-1
ApvPWiz8nBM_10050000,12,,,,-1
ApvPWiz8nBM_10110000,16,,,,-1
ApvPWiz8nBM_10140000,9,,,,-1
ApvPWiz8nBM_10170000,16,,,,-1
ApvPWiz8nBM_1020000,11,,,,-1
ApvPWiz8nBM_10200000,13,,,,-1
ApvPWiz8nBM_10230000,10,,,,-1
ApvPWiz8nBM_10260000,8,,,,-1
ApvPWiz8nBM_10320000,10,,,,-1
ApvPWiz8nBM_10350000,14,,,,-1
ApvPWiz8nBM_10380000,11,,,,-1
ApvPWiz8nBM_10470000,12,,,,-1
ApvPWiz8nBM_1050000,14,,,,-1
ApvPWiz8nBM_10500000,9,,,,-1
ApvPWiz8nBM_10560000,16,,,,-1
ApvPWiz8nBM_10590000,16,,,,-1
ApvPWiz8nBM_10620000,16,,,,-1
ApvPWiz8nBM_10650000,14,,,,-1
ApvPWiz8nBM_1110000,12,,,,-1
ApvPWiz8nBM_11160000,12,,,,-1
ApvPWiz8nBM_11190000,12,,,,-1
ApvPWiz8nBM_11220000,16,,,,-1
ApvPWiz8nBM_11310000,16,,,,-1
ApvPWiz8nBM_1170000,16,,,,-1
ApvPWiz8nBM_1200000,11,,,,-1
ApvPWiz8nBM_1230000,11,,,,-1
ApvPWiz8nBM_1260000,15,,,,-1
ApvPWiz8nBM_1290000,16,,,,-1
ApvPWiz8nBM_1320000,16,,,,-1
ApvPWiz8nBM_1350000,8,,,,-1
ApvPWiz8nBM_1380000,10,,,,-1
ApvPWiz8nBM_1410000,16,,,,-1
ApvPWiz8nBM_1440000,9,,,,-1
ApvPWiz8nBM_1470000,16,,,,-1
ApvPWiz8nBM_1500000,14,,,,-1
ApvPWiz8nBM_1560000,13,,,,-1
ApvPWiz8nBM_1590000,16,,,,-1
ApvPWiz8nBM_1620000,9,,,,-1
ApvPWiz8nBM_1650000,16,,,,-1
ApvPWiz8nBM_1680000,16,,,,-1
ApvPWiz8nBM_1710000,16,,,,-1
ApvPWiz8nBM_1770000,10,,,,-1
ApvPWiz8nBM_1800000,16,,,,-1
ApvPWiz8nBM_1830000,16,,,,-1
ApvPWiz8nBM_1860000,16,,,,-1
ApvPWiz8nBM_1890000,13,,,,-1
ApvPWiz8nBM_1920000,16,,,,-1
ApvPWiz8nBM_1950000,9,,,,-1
ApvPWiz8nBM_2010000,10,,,,-1
ApvPWiz8nBM_2070000,14,,,,-1
ApvPWiz8nBM_2100000,13,,,,-1
ApvPWiz8nBM_2130000,16,,,,-1
ApvPWiz8nBM_2160000,16,,,,-1
ApvPWiz8nBM_2220000,10,,,,-1
ApvPWiz8nBM_2250000,16,,,,-1
ApvPWiz8nBM_2280000,16,,,,-1
ApvPWiz8nBM_2310000,7,,,,-1
ApvPWiz8nBM_2340000,12,,,,-1
ApvPWiz8nBM_2370000,16,,,,-1
ApvPWiz8nBM_2400000,15,,,,-1
ApvPWiz8nBM_2430000,16,,,,-1
ApvPWiz8nBM_2460000,16,,,,-1
ApvPWiz8nBM_2520000,11,,,,-1
ApvPWiz8nBM_2550000,13,,,,-1
ApvPWiz8nBM_2580000,16,,,,-1
ApvPWiz8nBM_2610000,16,,,,-1
ApvPWiz8nBM_2640000,15,,,,-1
ApvPWiz8nBM_2670000,10,,,,-1
ApvPWiz8nBM_2700000,16,,,,-1
ApvPWiz8nBM_2730000,13,,,,-1
ApvPWiz8nBM_2760000,16,,,,-1
ApvPWiz8nBM_2790000,12,,,,-1
ApvPWiz8nBM_2850000,15,,,,-1
ApvPWiz8nBM_2880000,13,,,,-1
ApvPWiz8nBM_2910000,10,,,,-1
ApvPWiz8nBM_2940000,10,,,,-1
ApvPWiz8nBM_2970000,13,,,,-1
ApvPWiz8nBM_3000000,10,,,,-1
ApvPWiz8nBM_3060000,9,,,,-1
ApvPWiz8nBM_3090000,16,,,,-1
ApvPWiz8nBM_3120000,16,,,,-1
ApvPWiz8nBM_3150000,15,,,,-1
ApvPWiz8nBM_3180000,6,,,,-1
ApvPWiz8nBM_3240000,13,,,,-1
ApvPWiz8nBM_3270000,11,,,,-1
ApvPWiz8nBM_3300000,10,,,,-1
ApvPWiz8nBM_3330000,15,,,,-1
ApvPWiz8nBM_3360000,15,,,,-1
ApvPWiz8nBM_3450000,16,,,,-1
ApvPWiz8nBM_3480000,8,,,,-1
ApvPWiz8nBM_3510000,16,,,,-1
ApvPWiz8nBM_3540000,13,,,,-1
ApvPWiz8nBM_3570000,15,,,,-1
ApvPWiz8nBM_3600000,16,,,,-1
ApvPWiz8nBM_3630000,14,,,,-1
ApvPWiz8nBM_3750000,15,,,,-1
ApvPWiz8nBM_3780000,14,,,,-1
ApvPWiz8nBM_3810000,14,,,,-1
ApvPWiz8nBM_3840000,16,,,,-1
ApvPWiz8nBM_3870000,15,,,,-1
ApvPWiz8nBM_3900000,16,,,,-1
ApvPWiz8nBM_3930000,16,,,,-1
ApvPWiz8nBM_3960000,12,,,,-1
ApvPWiz8nBM_3990000,15,,,,-1
ApvPWiz8nBM_4680000,14,,,,-1
ApvPWiz8nBM_4710000,16,,,,-1
ApvPWiz8nBM_4740000,12,,,,-1
ApvPWiz8nBM_4770000,16,,,,-1
ApvPWiz8nBM_4800000,10,,,,-1
ApvPWiz8nBM_4860000,16,,,,-1
ApvPWiz8nBM_4890000,9,,,,-1
ApvPWiz8nBM_4920000,11,,,,-1
ApvPWiz8nBM_4950000,15,,,,-1
ApvPWiz8nBM_4980000,15,,,,-1
ApvPWiz8nBM_5010000,16,,,,-1
ApvPWiz8nBM_5070000,13,,,,-1
ApvPWiz8nBM_5130000,16,,,,-1
ApvPWiz8nBM_5160000,15,,,,-1
ApvPWiz8nBM_5190000,16,,,,-1
ApvPWiz8nBM_5220000,12,,,,-1
ApvPWiz8nBM_5250000,16,,,,-1
ApvPWiz8nBM_5280000,15,,,,-1
ApvPWiz8nBM_5400000,16,,,,-1
ApvPWiz8nBM_5430000,16,,,,-1
ApvPWiz8nBM_5460000,15,,,,-1
ApvPWiz8nBM_5520000,13,,,,-1
ApvPWiz8nBM_5550000,14,,,,-1
ApvPWiz8nBM_5640000,16,,,,-1
ApvPWiz8nBM_5670000,16,,,,-1
ApvPWiz8nBM_5700000,10,,,,-1
ApvPWiz8nBM_5730000,12,,,,-1
ApvPWiz8nBM_5790000,10,,,,-1
ApvPWiz8nBM_5820000,15,,,,-1
ApvPWiz8nBM_5850000,10,,,,-1
ApvPWiz8nBM_5880000,16,,,,-1
ApvPWiz8nBM_5910000,10,,,,-1
ApvPWiz8nBM_5940000,11,,,,-1
ApvPWiz8nBM_5970000,15,,,,-1
ApvPWiz8nBM_6000000,11,,,,-1
ApvPWiz8nBM_6030000,15,,,,-1
ApvPWiz8nBM_6120000,14,,,,-1
ApvPWiz8nBM_6150000,13,,,,-1
ApvPWiz8nBM_6240000,16,,,,-1
ApvPWiz8nBM_6270000,12,,,,-1
ApvPWiz8nBM_6330000,8,,,,-1
ApvPWiz8nBM_6360000,16,,,,-1
ApvPWiz8nBM_6390000,10,,,,-1
ApvPWiz8nBM_6480000,14,,,,-1
ApvPWiz8nBM_6510000,16,,,,-1
ApvPWiz8nBM_6540000,8,,,,-1
ApvPWiz8nBM_6570000,10,,,,-1
ApvPWiz8nBM_6600000,12,,,,-1
ApvPWiz8nBM_6630000,16,,,,-1
ApvPWiz8nBM_6660000,14,,,,-1
ApvPWiz8nBM_6690000,16,,,,-1
ApvPWiz8nBM_6750000,11,,,,-1
ApvPWiz8nBM_6780000,9,,,,-1
ApvPWiz8nBM_6810000,10,,,,-1
ApvPWiz8nBM_6840000,13,,,,-1
ApvPWiz8nBM_6900000,12,,,,-1
ApvPWiz8nBM_6930000,16,,,,-1
ApvPWiz8nBM_6960000,16,,,,-1
ApvPWiz8nBM_6990000,16,,,,-1
ApvPWiz8nBM_7020000,15,,,,-1
ApvPWiz8nBM_7050000,13,,,,-1
ApvPWiz8nBM_7170000,16,,,,-1
ApvPWiz8nBM_7200000,16,,,,-1
ApvPWiz8nBM_7260000,16,,,,-1
ApvPWiz8nBM_7350000,12,,,,-1
ApvPWiz8nBM_7380000,16,,,,-1
ApvPWiz8nBM_7410000,14,,,,-1
ApvPWiz8nBM_7440000,15,,,,-1
ApvPWiz8nBM_7470000,16,,,,-1
ApvPWiz8nBM_7500000,16,,,,-1
ApvPWiz8nBM_7560000,12,,,,-1
ApvPWiz8nBM_7680000,16,,,,-1
ApvPWiz8nBM_7710000,14,,,,-1
ApvPWiz8nBM_7740000,13,,,,-1
ApvPWiz8nBM_7800000,16,,,,-1
ApvPWiz8nBM_7830000,15,,,,-1
ApvPWiz8nBM_7860000,16,,,,-1
ApvPWiz8nBM_7890000,10,,,,-1
ApvPWiz8nBM_7950000,12,,,,-1
ApvPWiz8nBM_7980000,11,,,,-1
ApvPWiz8nBM_8040000,11,,,,-1
ApvPWiz8nBM_8070000,11,,,,-1
ApvPWiz8nBM_8220000,11,,,,-1
ApvPWiz8nBM_8760000,16,,,,-1
ApvPWiz8nBM_8790000,16,,,,-1
ApvPWiz8nBM_8880000,12,,,,-1
ApvPWiz8nBM_8910000,8,,,,-1
ApvPWiz8nBM_9000000,16,,,,-1
ApvPWiz8nBM_9030000,14,,,,-1
ApvPWiz8nBM_9060000,12,,,,-1
ApvPWiz8nBM_9120000,16,,,,-1
ApvPWiz8nBM_9150000,9,,,,-1
ApvPWiz8nBM_9180000,12,,,,-1
ApvPWiz8nBM_9210000,16,,,,-1
ApvPWiz8nBM_9240000,10,,,,-1
ApvPWiz8nBM_9300000,12,,,,-1
ApvPWiz8nBM_9330000,16,,,,-1
ApvPWiz8nBM_9420000,15,,,,-1
ApvPWiz8nBM_9450000,14,,,,-1
ApvPWiz8nBM_9480000,7,,,,-1
ApvPWiz8nBM_9510000,11,,,,-1
ApvPWiz8nBM_9540000,11,,,,-1
ApvPWiz8nBM_9570000,13,,,,-1
ApvPWiz8nBM_9660000,11,,,,-1
ApvPWiz8nBM_9720000,16,,,,-1
ApvPWiz8nBM_9750000,16,,,,-1
ApvPWiz8nBM_9840000,14,,,,-1
ApvPWiz8nBM_9870000,16,,,,-1
ApvPWiz8nBM_9900000,15,,,,-1
ApvPWiz8nBM_9960000,16,,,,-1
ApvPWiz8nBM_9990000,14,,,,-1
h5_V5GYf7iM_0120000,11,,,,-1
h5_V5GYf7iM_0210000,15,,,,-1
h5_V5GYf7iM_0510000,15,,,,-1
h5_V5GYf7iM_0600000,12,,,,-1
h5_V5GYf7iM_0630000,14,,,,-1
h5_V5GYf7iM_0660000,15,,,,-1
h5_V5GYf7iM_0690000,7,,,,-1
h5_V5GYf7iM_0780000,8,,,,-1
h5_V5GYf7iM_0810000,10,,,,-1
h5_V5GYf7iM_0840000,13,,,,-1
h5_V5GYf7iM_0930000,15,,,,-1
h5_V5GYf7iM_0960000,13,,,,-1
h5_V5GYf7iM_0990000,16,,,,-1
h5_V5GYf7iM_1020000,8,,,,-1
h5_V5GYf7iM_1050000,10,,,,-1
h5_V5GYf7iM_1080000,14,,,,-1
h5_V5GYf7iM_1140000,9,,,,-1
h5_V5GYf7iM_1170000,7,,,,-1
h5_V5GYf7iM_1260000,11,,,,-1
h5_V5GYf7iM_1290000,16,,,,-1
h5_V5GYf7iM_1320000,7,,,,-1
h5_V5GYf7iM_1350000,15,,,,-1
h5_V5GYf7iM_1380000,7,,,,-1
h5_V5GYf7iM_1410000,9,,,,-1
h5_V5GYf7iM_1500000,15,,,,-1
h5_V5GYf7iM_1560000,13,,,,-1
h5_V5GYf7iM_1590000,16,,,,-1
h5_V5GYf7iM_1620000,11,,,,-1
h5_V5GYf7iM_1650000,15,,,,-1
h5_V5GYf7iM_1740000,11,,,,-1
h5_V5GYf7iM_1800000,10,,,,-1
h5_V5GYf7iM_1830000,16,,,,-1
h5_V5GYf7iM_1860000,13,,,,-1
h5_V5GYf7iM_1890000,8,,,,-1
h5_V5GYf7iM_1920000,15,,,,-1
h5_V5GYf7iM_1950000,10,,,,-1
h5_V5GYf7iM_1980000,16,,,,-1
h5_V5GYf7iM_2010000,16,,,,-1
h5_V5GYf7iM_2040000,12,,,,-1
h5_V5GYf7iM_2070000,16,,,,-1
h5_V5GYf7iM_2100000,15,,,,-1
h5_V5GYf7iM_2130000,8,,,,-1
h5_V5GYf7iM_2160000,8,,,,-1
h5_V5GYf7iM_2190000,12,,,,-1
h5_V5GYf7iM_2220000,15,,,,-1
h5_V5GYf7iM_2250000,16,,,,-1
h5_V5GYf7iM_2280000,9,,,,-1
h5_V5GYf7iM_2310000,8,,,,-1
h5_V5GYf7iM_2340000,14,,,,-1
h5_V5GYf7iM_2370000,16,,,,-1
h5_V5GYf7iM_2430000,7,,,,-1
h5_V5GYf7iM_2520000,16,,,,-1
h5_V5GYf7iM_2580000,11,,,,-1
h5_V5GYf7iM_2670000,16,,,,-1
h5_V5GYf7iM_2700000,16,,,,-1
h5_V5GYf7iM_2730000,13,,,,-1
h5_V5GYf7iM_2790000,9,,,,-1
h5_V5GYf7iM_2850000,15,,,,-1
h5_V5GYf7iM_2880000,8,,,,-1
h5_V5GYf7iM_2940000,14,,,,-1
h5_V5GYf7iM_3150000,12,,,,-1
h5_V5GYf7iM_3180000,16,,,,-1
h5_V5GYf7iM_3210000,14,,,,-1
h5_V5GYf7iM_3240000,11,,,,-1
h5_V5GYf7iM_3300000,16,,,,-1
h5_V5GYf7iM_3330000,12,,,,-1
h5_V5GYf7iM_3390000,12,,,,-1
h5_V5GYf7iM_3420000,10,,,,-1
h5_V5GYf7iM_3480000,13,,,,-1
h5_V5GYf7iM_3510000,11,,,,-1
h5_V5GYf7iM_3540000,13,,,,-1
h5_V5GYf7iM_3570000,16,,,,-1
h5_V5GYf7iM_3630000,9,,,,-1
h5_V5GYf7iM_3660000,15,,,,-1
h5_V5GYf7iM_3690000,15,,,,-1
h5_V5GYf7iM_3780000,16,,,,-1
h5_V5GYf7iM_3840000,12,,,,-1
h5_V5GYf7iM_3870000,16,,,,-1
h5_V5GYf7iM_3900000,15,,,,-1
h5_V5GYf7iM_3960000,8,,,,-1
h5_V5GYf7iM_4050000,10,,,,-1
h5_V5GYf7iM_4080000,8,,,,-1
h5_V5GYf7iM_4170000,13,,,,-1
h5_V5GYf7iM_4200000,13,,,,-1
h5_V5GYf7iM_4320000,8,,,,-1
h5_V5GYf7iM_4350000,9,,,,-1
h5_V5GYf7iM_5220000,16,,,,-1
h5_V5GYf7iM_5250000,16,,,,-1
h5_V5GYf7iM_5280000,9,,,,-1
h5_V5GYf7iM_5310000,13,,,,-1
h5_V5GYf7iM_5400000,10,,,,-1
h5_V5GYf7iM_5430000,8,,,,-1
h5_V5GYf7iM_5460000,13,,,,-1
h5_V5GYf7iM_5550000,16,,,,-1
h5_V5GYf7iM_5640000,13,,,,-1
h5_V5GYf7iM_5670000,13,,,,-1
h5_V5GYf7iM_5700000,16,,,,-1
h5_V5GYf7iM_5730000,8,,,,-1
h5_V5GYf7iM_5790000,16,,,,-1
h5_V5GYf7iM_5820000,9,,,,-1
h5_V5GYf7iM_5850000,16,,,,-1
h5_V5GYf7iM_5940000,10,,,,-1
h5_V5GYf7iM_5970000,12,,,,-1
h5_V5GYf7iM_6150000,10,,,,-1
h5_V5GYf7iM_6180000,15,,,,-1
h5_V5GYf7iM_6210000,16,,,,-1
h5_V5GYf7iM_6240000,13,,,,-1
h5_V5GYf7iM_6270000,12,,,,-1
h5_V5GYf7iM_6360000,8,,,,-1
h5_V5GYf7iM_6390000,9,,,,-1
h5_V5GYf7iM_6630000,16,,,,-1
h5_V5GYf7iM_6660000,13,,,,-1
jtEeeuyIpLA_0000000,10,,,,-1
jtEeeuyIpLA_0030000,16,,,,-1
jtEeeuyIpLA_0150000,10,,,,-1
jtEeeuyIpLA_0180000,9,,,,-1
jtEeeuyIpLA_0210000,15,,,,-1
jtEeeuyIpLA_0270000,16,,,,-1
jtEeeuyIpLA_0300000,16,,,,-1
jtEeeuyIpLA_0360000,15,,,,-1
jtEeeuyIpLA_0390000,13,,,,-1
jtEeeuyIpLA_0420000,9,,,,-1
jtEeeuyIpLA_0480000,13,,,,-1
jtEeeuyIpLA_0510000,7,,,,-1
jtEeeuyIpLA_0540000,9,,,,-1
jtEeeuyIpLA_0630000,15,,,,-1
jtEeeuyIpLA_0660000,15,,,,-1
jtEeeuyIpLA_0720000,16,,,,-1
jtEeeuyIpLA_0750000,10,,,,-1
jtEeeuyIpLA_0780000,9,,,,-1
jtEeeuyIpLA_0840000,12,,,,-1
jtEeeuyIpLA_0870000,15,,,,-1
jtEeeuyIpLA_0900000,13,,,,-1
jtEeeuyIpLA_0960000,16,,,,-1
jtEeeuyIpLA_0990000,9,,,,-1
jtEeeuyIpLA_1020000,13,,,,-1
jtEeeuyIpLA_1050000,14,,,,-1
jtEeeuyIpLA_1080000,9,,,,-1
jtEeeuyIpLA_1110000,8,,,,-1
jtEeeuyIpLA_1230000,15,,,,-1
jtEeeuyIpLA_1260000,12,,,,-1
jtEeeuyIpLA_1350000,9,,,,-1
jtEeeuyIpLA_1380000,16,,,,-1
jtEeeuyIpLA_1500000,15,,,,-1
jtEeeuyIpLA_1590000,14,,,,-1
jtEeeuyIpLA_1620000,16,,,,-1
jtEeeuyIpLA_1650000,8,,,,-1
jtEeeuyIpLA_1710000,13,,,,-1
jtEeeuyIpLA_1740000,16,,,,-1
jtEeeuyIpLA_1890000,12,,,,-1
jtEeeuyIpLA_1920000,12,,,,-1
jtEeeuyIpLA_1950000,10,,,,-1
jtEeeuyIpLA_1980000,13,,,,-1
jtEeeuyIpLA_2010000,11,,,,-1
jtEeeuyIpLA_2070000,16,,,,-1
jtEeeuyIpLA_2100000,13,,,,-1
jtEeeuyIpLA_2190000,14,,,,-1
jtEeeuyIpLA_2220000,8,,,,-1
jtEeeuyIpLA_2370000,14,,,,-1
jtEeeuyIpLA_2520000,8,,,,-1
jtEeeuyIpLA_2550000,15,,,,-1
jtEeeuyIpLA_2580000,7,,,,-1
jtEeeuyIpLA_2640000,7,,,,-1
jtEeeuyIpLA_2670000,12,,,,-1
jtEeeuyIpLA_2730000,14,,,,-1
jtEeeuyIpLA_2760000,13,,,,-1
jtEeeuyIpLA_2790000,14,,,,-1
jtEeeuyIpLA_2850000,11,,,,-1
jtEeeuyIpLA_2880000,14,,,,-1
jtEeeuyIpLA_2910000,15,,,,-1
jtEeeuyIpLA_3000000,13,,,,-1
jtEeeuyIpLA_3030000,16,,,,-1
jtEeeuyIpLA_3120000,9,,,,-1
jtEeeuyIpLA_3150000,14,,,,-1
jtEeeuyIpLA_3240000,13,,,,-1
jtEeeuyIpLA_3270000,12,,,,-1
jtEeeuyIpLA_3330000,16,,,,-1
jtEeeuyIpLA_3360000,12,,,,-1
jtEeeuyIpLA_3450000,8,,,,-1
jtEeeuyIpLA_3480000,13,,,,-1
jtEeeuyIpLA_3510000,16,,,,-1
jtEeeuyIpLA_3540000,12,,,,-1
jtEeeuyIpLA_3600000,15,,,,-1
jtEeeuyIpLA_3630000,14,,,,-1
jtEeeuyIpLA_3690000,10,,,,-1
jtEeeuyIpLA_3720000,13,,,,-1
jtEeeuyIpLA_3750000,15,,,,-1
jtEeeuyIpLA_3780000,11,,,,-1
jtEeeuyIpLA_3840000,16,,,,-1
jtEeeuyIpLA_3870000,16,,,,-1
jtEeeuyIpLA_3990000,15,,,,-1
jtEeeuyIpLA_4080000,13,,,,-1
jtEeeuyIpLA_4110000,8,,,,-1
jtEeeuyIpLA_4230000,14,,,,-1
jtEeeuyIpLA_4260000,15,,,,-1
jtEeeuyIpLA_4290000,8,,,,-1
jtEeeuyIpLA_4410000,15,,,,-1
jtEeeuyIpLA_4470000,13,,,,-1
jtEeeuyIpLA_4500000,10,,,,-1
jtEeeuyIpLA_4590000,9,,,,-1
jtEeeuyIpLA_4620000,11,,,,-1
jtEeeuyIpLA_4650000,7,,,,-1
jtEeeuyIpLA_4680000,11,,,,-1
jtEeeuyIpLA_4710000,14,,,,-1
jtEeeuyIpLA_4740000,8,,,,-1
jtEeeuyIpLA_4770000,10,,,,-1
jtEeeuyIpLA_4830000,16,,,,-1
jtEeeuyIpLA_5190000,16,,,,-1
jtEeeuyIpLA_5310000,16,,,,-1
jtEeeuyIpLA_5340000,16,,,,-1
jtEeeuyIpLA_5370000,16,,,,-1
jtEeeuyIpLA_5430000,13,,,,-1
jtEeeuyIpLA_5550000,8,,,,-1
jtEeeuyIpLA_5580000,16,,,,-1
jtEeeuyIpLA_5610000,16,,,,-1
jtEeeuyIpLA_5670000,16,,,,-1
jtEeeuyIpLA_5700000,8,,,,-1
jtEeeuyIpLA_5790000,12,,,,-1
jtEeeuyIpLA_5820000,16,,,,-1
jtEeeuyIpLA_5850000,9,,,,-1
jtEeeuyIpLA_5910000,16,,,,-1
kZbGlTmo8Ds_0540000,8,,,,-1
kZbGlTmo8Ds_0810000,16,,,,-1
kZbGlTmo8Ds_0840000,16,,,,-1
kZbGlTmo8Ds_0960000,12,,,,-1
kZbGlTmo8Ds_0990000,13,,,,-1
kZbGlTmo8Ds_1020000,9,,,,-1
kZbGlTmo8Ds_1050000,14,,,,-1
kZbGlTmo8Ds_1080000,9,,,,-1
kZbGlTmo8Ds_1110000,16,,,,-1
kZbGlTmo8Ds_1320000,14,,,,-1
kZbGlTmo8Ds_1350000,15,,,,-1
kZbGlTmo8Ds_1410000,12,,,,-1
kZbGlTmo8Ds_1440000,16,,,,-1
kZbGlTmo8Ds_1470000,8,,,,-1
kZbGlTmo8Ds_1530000,10,,,,-1
kZbGlTmo8Ds_1560000,16,,,,-1
kZbGlTmo8Ds_1590000,10,,,,-1
kZbGlTmo8Ds_1620000,7,,,,-1
kZbGlTmo8Ds_1650000,8,,,,-1
kZbGlTmo8Ds_1710000,16,,,,-1
kZbGlTmo8Ds_1800000,9,,,,-1
kZbGlTmo8Ds_1830000,15,,,,-1
kZbGlTmo8Ds_1890000,14,,,,-1
kZbGlTmo8Ds_1920000,16,,,,-1
kZbGlTmo8Ds_1950000,16,,,,-1
kZbGlTmo8Ds_1980000,7,,,,-1
kZbGlTmo8Ds_2010000,10,,,,-1
kZbGlTmo8Ds_2040000,12,,,,-1
kZbGlTmo8Ds_2070000,16,,,,-1
kZbGlTmo8Ds_2100000,16,,,,-1
kZbGlTmo8Ds_2190000,16,,,,-1
kZbGlTmo8Ds_2220000,7,,,,-1
kZbGlTmo8Ds_2280000,11,,,,-1
kZbGlTmo8Ds_2340000,16,,,,-1
kZbGlTmo8Ds_2400000,9,,,,-1
kZbGlTmo8Ds_2490000,9,,,,-1
kZbGlTmo8Ds_2520000,14,,,,-1
kZbGlTmo8Ds_2550000,15,,,,-1
kZbGlTmo8Ds_2610000,12,,,,-1
kZbGlTmo8Ds_2670000,14,,,,-1
kZbGlTmo8Ds_2760000,13,,,,-1
kZbGlTmo8Ds_2790000,13,,,,-1
kZbGlTmo8Ds_2820000,15,,,,-1
kZbGlTmo8Ds_2850000,16,,,,-1
kZbGlTmo8Ds_2880000,9,,,,-1
kZbGlTmo8Ds_2910000,13,,,,-1
kZbGlTmo8Ds_3000000,16,,,,-1
kZbGlTmo8Ds_3030000,9,,,,-1
kZbGlTmo8Ds_3060000,10,,,,-1
kZbGlTmo8Ds_3090000,12,,,,-1
kZbGlTmo8Ds_3120000,10,,,,-1
kZbGlTmo8Ds_3180000,10,,,,-1
kZbGlTmo8Ds_3240000,12,,,,-1
kZbGlTmo8Ds_3360000,16,,,,-1
kZbGlTmo8Ds_3390000,15,,,,-1
kZbGlTmo8Ds_3480000,11,,,,-1
kZbGlTmo8Ds_3510000,14,,,,-1
kZbGlTmo8Ds_3540000,16,,,,-1
kZbGlTmo8Ds_3600000,12,,,,-1
kZbGlTmo8Ds_3660000,16,,,,-1
kZbGlTmo8Ds_3690000,12,,,,-1
kZbGlTmo8Ds_3780000,16,,,,-1
kZbGlTmo8Ds_3810000,14,,,,-1
kZbGlTmo8Ds_4020000,10,,,,-1
kZbGlTmo8Ds_4080000,14,,,,-1
kZbGlTmo8Ds_4140000,12,,,,-1
kZbGlTmo8Ds_4170000,10,,,,-1
kZbGlTmo8Ds_4290000,14,,,,-1
kZbGlTmo8Ds_4380000,11,,,,-1
kZbGlTmo8Ds_4410000,13,,,,-1
kZbGlTmo8Ds_4440000,12,,,,-1
kZbGlTmo8Ds_4470000,10,,,,-1
kZbGlTmo8Ds_4500000,10,,,,-1
kZbGlTmo8Ds_4530000,10,,,,-1
kZbGlTmo8Ds_4560000,13,,,,-1
kZbGlTmo8Ds_4650000,14,,,,-1
kZbGlTmo8Ds_4890000,9,,,,-1
kZbGlTmo8Ds_4920000,12,,,,-1
kZbGlTmo8Ds_4980000,14,,,,-1
kZbGlTmo8Ds_5010000,16,,,,-1
kZbGlTmo8Ds_5040000,16,,,,-1
kZbGlTmo8Ds_5070000,11,,,,-1
kZbGlTmo8Ds_5550000,9,,,,-1
kZbGlTmo8Ds_5610000,12,,,,-1
kZbGlTmo8Ds_5640000,13,,,,-1
kZbGlTmo8Ds_5670000,12,,,,-1
kZbGlTmo8Ds_5850000,16,,,,-1
kZbGlTmo8Ds_5880000,13,,,,-1
kZbGlTmo8Ds_5940000,6,,,,-1
kZbGlTmo8Ds_5970000,12,,,,-1
kZbGlTmo8Ds_6000000,16,,,,-1
kZbGlTmo8Ds_6030000,8,,,,-1
kZbGlTmo8Ds_6120000,16,,,,-1
kZbGlTmo8Ds_6150000,7,,,,-1
kZbGlTmo8Ds_6240000,16,,,,-1
kZbGlTmo8Ds_6270000,8,,,,-1
kZbGlTmo8Ds_6300000,12,,,,-1
kZbGlTmo8Ds_6330000,8,,,,-1
kZbGlTmo8Ds_6390000,16,,,,-1
kZbGlTmo8Ds_6450000,12,,,,-1
kZbGlTmo8Ds_6480000,14,,,,-1
kZbGlTmo8Ds_6510000,15,,,,-1
kZbGlTmo8Ds_6570000,10,,,,-1
kZbGlTmo8Ds_6600000,16,,,,-1
kZbGlTmo8Ds_6660000,8,,,,-1
kZbGlTmo8Ds_6720000,16,,,,-1
kZbGlTmo8Ds_6810000,16,,,,-1
kZbGlTmo8Ds_6840000,13,,,,-1
kZbGlTmo8Ds_6870000,8,,,,-1
kZbGlTmo8Ds_6930000,14,,,,-1
kZbGlTmo8Ds_7020000,16,,,,-1
kZbGlTmo8Ds_7050000,12,,,,-1
kZbGlTmo8Ds_7080000,15,,,,-1
kZbGlTmo8Ds_7110000,16,,,,-1
kZbGlTmo8Ds_7170000,12,,,,-1
kZbGlTmo8Ds_7200000,16,,,,-1
kZbGlTmo8Ds_7290000,8,,,,-1
kZbGlTmo8Ds_7320000,16,,,,-1
kZbGlTmo8Ds_7380000,10,,,,-1
kZbGlTmo8Ds_7410000,15,,,,-1
kZbGlTmo8Ds_7440000,16,,,,-1
kZbGlTmo8Ds_7530000,14,,,,-1
kZbGlTmo8Ds_7620000,15,,,,-1
kZbGlTmo8Ds_7650000,13,,,,-1
kZbGlTmo8Ds_7680000,10,,,,-1
kZbGlTmo8Ds_7800000,15,,,,-1
kZbGlTmo8Ds_7860000,10,,,,-1
kZbGlTmo8Ds_7890000,7,,,,-1
kZbGlTmo8Ds_7920000,16,,,,-1
kZbGlTmo8Ds_7980000,11,,,,-1
kZbGlTmo8Ds_8010000,15,,,,-1
kZbGlTmo8Ds_8070000,16,,,,-1
kZbGlTmo8Ds_8130000,9,,,,-1
kZbGlTmo8Ds_8160000,11,,,,-1
kZbGlTmo8Ds_8190000,16,,,,-1
kZbGlTmo8Ds_8250000,15,,,,-1
kZbGlTmo8Ds_8280000,11,,,,-1
kZbGlTmo8Ds_8340000,15,,,,-1
kZbGlTmo8Ds_8370000,7,,,,-1
kZbGlTmo8Ds_8400000,16,,,,-1
kZbGlTmo8Ds_8430000,16,,,,-1
kZbGlTmo8Ds_8460000,8,,,,-1
kZbGlTmo8Ds_8490000,10,,,,-1
kZbGlTmo8Ds_8520000,11,,,,-1
kZbGlTmo8Ds_8550000,16,,,,-1
kZbGlTmo8Ds_8610000,9,,,,-1
kZbGlTmo8Ds_8760000,12,,,,-1
kZbGlTmo8Ds_8820000,12,,,,-1
kZbGlTmo8Ds_8880000,6,,,,-1
kZbGlTmo8Ds_8940000,16,,,,-1
kZbGlTmo8Ds_9030000,13,,,,-1
kZbGlTmo8Ds_9060000,7,,,,-1
kZbGlTmo8Ds_9090000,8,,,,-1
kZbGlTmo8Ds_9120000,14,,,,-1
kZbGlTmo8Ds_9180000,13,,,,-1
kZbGlTmo8Ds_9210000,7,,,,-1
kZbGlTmo8Ds_9240000,13,,,,-1
kZbGlTmo8Ds_9270000,12,,,,-1
kZbGlTmo8Ds_9300000,16,,,,-1
kZbGlTmo8Ds_9390000,10,,,,-1
kZbGlTmo8Ds_9420000,10,,,,-1
kZbGlTmo8Ds_9690000,9,,,,-1
kZbGlTmo8Ds_9840000,15,,,,-1
wCv2DYtxr5U_10050000,11,,,,-1
wCv2DYtxr5U_10080000,14,,,,-1
wCv2DYtxr5U_10110000,14,,,,-1
wCv2DYtxr5U_10140000,15,,,,-1
wCv2DYtxr5U_10170000,10,,,,-1
wCv2DYtxr5U_10200000,8,,,,-1
wCv2DYtxr5U_10230000,13,,,,-1
wCv2DYtxr5U_10260000,13,,,,-1
wCv2DYtxr5U_10320000,14,,,,-1
wCv2DYtxr5U_10350000,12,,,,-1
wCv2DYtxr5U_10380000,15,,,,-1
wCv2DYtxr5U_10410000,8,,,,-1
wCv2DYtxr5U_10470000,9,,,,-1
wCv2DYtxr5U_10500000,15,,,,-1
wCv2DYtxr5U_10560000,16,,,,-1
wCv2DYtxr5U_10590000,9,,,,-1
wCv2DYtxr5U_10620000,12,,,,-1
wCv2DYtxr5U_10650000,8,,,,-1
wCv2DYtxr5U_10740000,14,,,,-1
wCv2DYtxr5U_10800000,13,,,,-1
wCv2DYtxr5U_10830000,16,,,,-1
wCv2DYtxr5U_10890000,16,,,,-1
wCv2DYtxr5U_10920000,14,,,,-1
wCv2DYtxr5U_10950000,15,,,,-1
wCv2DYtxr5U_11010000,16,,,,-1
wCv2DYtxr5U_11100000,16,,,,-1
wCv2DYtxr5U_11130000,16,,,,-1
wCv2DYtxr5U_11550000,16,,,,-1
wCv2DYtxr5U_11580000,16,,,,-1
wCv2DYtxr5U_11760000,10,,,,-1
wCv2DYtxr5U_11790000,15,,,,-1
wCv2DYtxr5U_11820000,16,,,,-1
wCv2DYtxr5U_11940000,14,,,,-1
wCv2DYtxr5U_11970000,13,,,,-1
wCv2DYtxr5U_12000000,14,,,,-1
wCv2DYtxr5U_12060000,10,,,,-1
wCv2DYtxr5U_12120000,9,,,,-1
wCv2DYtxr5U_12150000,8,,,,-1
wCv2DYtxr5U_12210000,8,,,,-1
wCv2DYtxr5U_1290000,9,,,,-1
wCv2DYtxr5U_2490000,15,,,,-1
wCv2DYtxr5U_2520000,16,,,,-1
wCv2DYtxr5U_2550000,13,,,,-1
wCv2DYtxr5U_2580000,16,,,,-1
wCv2DYtxr5U_2610000,16,,,,-1
wCv2DYtxr5U_2640000,12,,,,-1
wCv2DYtxr5U_2670000,15,,,,-1
wCv2DYtxr5U_2730000,12,,,,-1
wCv2DYtxr5U_2850000,16,,,,-1
wCv2DYtxr5U_2910000,15,,,,-1
wCv2DYtxr5U_2940000,7,,,,-1
wCv2DYtxr5U_2970000,15,,,,-1
wCv2DYtxr5U_3000000,16,,,,-1
wCv2DYtxr5U_3030000,13,,,,-1
wCv2DYtxr5U_3060000,6,,,,-1
wCv2DYtxr5U_3120000,16,,,,-1
wCv2DYtxr5U_3180000,16,,,,-1
wCv2DYtxr5U_3210000,14,,,,-1
wCv2DYtxr5U_3300000,9,,,,-1
wCv2DYtxr5U_3390000,15,,,,-1
wCv2DYtxr5U_3420000,15,,,,-1
wCv2DYtxr5U_3450000,11,,,,-1
wCv2DYtxr5U_3480000,12,,,,-1
wCv2DYtxr5U_3540000,16,,,,-1
wCv2DYtxr5U_3570000,15,,,,-1
wCv2DYtxr5U_3660000,16,,,,-1
wCv2DYtxr5U_3690000,7,,,,-1
wCv2DYtxr5U_3780000,16,,,,-1
wCv2DYtxr5U_3810000,16,,,,-1
wCv2DYtxr5U_3840000,10,,,,-1
wCv2DYtxr5U_3870000,14,,,,-1
wCv2DYtxr5U_3900000,12,,,,-1
wCv2DYtxr5U_3960000,11,,,,-1
wCv2DYtxr5U_3990000,14,,,,-1
wCv2DYtxr5U_4020000,10,,,,-1
wCv2DYtxr5U_4050000,13,,,,-1
wCv2DYtxr5U_4110000,8,,,,-1
wCv2DYtxr5U_4140000,15,,,,-1
wCv2DYtxr5U_4170000,16,,,,-1
wCv2DYtxr5U_4200000,16,,,,-1
wCv2DYtxr5U_4230000,15,,,,-1
wCv2DYtxr5U_4260000,6,,,,-1
wCv2DYtxr5U_4320000,10,,,,-1
wCv2DYtxr5U_4350000,11,,,,-1
wCv2DYtxr5U_4380000,15,,,,-1
wCv2DYtxr5U_4410000,16,,,,-1
wCv2DYtxr5U_4440000,16,,,,-1
wCv2DYtxr5U_4500000,12,,,,-1
wCv2DYtxr5U_4620000,16,,,,-1
wCv2DYtxr5U_4650000,15,,,,-1
wCv2DYtxr5U_4680000,16,,,,-1
wCv2DYtxr5U_4710000,11,,,,-1
wCv2DYtxr5U_4740000,16,,,,-1
wCv2DYtxr5U_4770000,15,,,,-1
wCv2DYtxr5U_4830000,11,,,,-1
wCv2DYtxr5U_4860000,15,,,,-1
wCv2DYtxr5U_4920000,11,,,,-1
wCv2DYtxr5U_4950000,9,,,,-1
wCv2DYtxr5U_4980000,16,,,,-1
wCv2DYtxr5U_5010000,16,,,,-1
wCv2DYtxr5U_5040000,16,,,,-1
wCv2DYtxr5U_5100000,16,,,,-1
wCv2DYtxr5U_5130000,14,,,,-1
wCv2DYtxr5U_5160000,12,,,,-1
wCv2DYtxr5U_5190000,9,,,,-1
wCv2DYtxr5U_5250000,9,,,,-1
wCv2DYtxr5U_5280000,15,,,,-1
wCv2DYtxr5U_5310000,13,,,,-1
wCv2DYtxr5U_5340000,13,,,,-1
wCv2DYtxr5U_6210000,10,,,,-1
wCv2DYtxr5U_6240000,8,,,,-1
wCv2DYtxr5U_6270000,12,,,,-1
wCv2DYtxr5U_6300000,13,,,,-1
wCv2DYtxr5U_6360000,10,,,,-1
wCv2DYtxr5U_6390000,15,,,,-1
wCv2DYtxr5U_6510000,11,,,,-1
wCv2DYtxr5U_6540000,9,,,,-1
wCv2DYtxr5U_6570000,7,,,,-1
wCv2DYtxr5U_6600000,16,,,,-1
wCv2DYtxr5U_6630000,10,,,,-1
wCv2DYtxr5U_6720000,14,,,,-1
wCv2DYtxr5U_6780000,8,,,,-1
wCv2DYtxr5U_6810000,14,,,,-1
wCv2DYtxr5U_6840000,13,,,,-1
wCv2DYtxr5U_6870000,11,,,,-1
wCv2DYtxr5U_6900000,13,,,,-1
wCv2DYtxr5U_6930000,12,,,,-1
wCv2DYtxr5U_6990000,13,,,,-1
wCv2DYtxr5U_7020000,12,,,,-1
wCv2DYtxr5U_7050000,14,,,,-1
wCv2DYtxr5U_7080000,13,,,,-1
wCv2DYtxr5U_7110000,15,,,,-1
wCv2DYtxr5U_7140000,13,,,,-1
wCv2DYtxr5U_7170000,11,,,,-1
wCv2DYtxr5U_7200000,15,,,,-1
wCv2DYtxr5U_7230000,14,,,,-1
wCv2DYtxr5U_7260000,12,,,,-1
wCv2DYtxr5U_7290000,11,,,,-1
wCv2DYtxr5U_7350000,11,,,,-1
wCv2DYtxr5U_7440000,10,,,,-1
wCv2DYtxr5U_7500000,7,,,,-1
wCv2DYtxr5U_7530000,16,,,,-1
wCv2DYtxr5U_7590000,16,,,,-1
wCv2DYtxr5U_7620000,11,,,,-1
wCv2DYtxr5U_7650000,16,,,,-1
wCv2DYtxr5U_7740000,9,,,,-1
wCv2DYtxr5U_7770000,10,,,,-1
wCv2DYtxr5U_7800000,16,,,,-1
wCv2DYtxr5U_7830000,14,,,,-1
wCv2DYtxr5U_7860000,7,,,,-1
wCv2DYtxr5U_7920000,16,,,,-1
wCv2DYtxr5U_7980000,14,,,,-1
wCv2DYtxr5U_8070000,12,,,,-1
wCv2DYtxr5U_8160000,15,,,,-1
wCv2DYtxr5U_8190000,14,,,,-1
wCv2DYtxr5U_8220000,14,,,,-1
wCv2DYtxr5U_8250000,16,,,,-1
wCv2DYtxr5U_8310000,11,,,,-1
wCv2DYtxr5U_8340000,16,,,,-1
wCv2DYtxr5U_8370000,10,,,,-1
wCv2DYtxr5U_8460000,16,,,,-1
wCv2DYtxr5U_8520000,14,,,,-1
wCv2DYtxr5U_8580000,16,,,,-1
wCv2DYtxr5U_8610000,7,,,,-1
wCv2DYtxr5U_8670000,10,,,,-1
wCv2DYtxr5U_8700000,16,,,,-1
wCv2DYtxr5U_8730000,16,,,,-1
wCv2DYtxr5U_8790000,13,,,,-1
wCv2DYtxr5U_8820000,11,,,,-1
wCv2DYtxr5U_8850000,10,,,,-1
wCv2DYtxr5U_8880000,10,,,,-1
wCv2DYtxr5U_8970000,16,,,,-1
wCv2DYtxr5U_9000000,13,,,,-1
wCv2DYtxr5U_9030000,12,,,,-1
wCv2DYtxr5U_9060000,7,,,,-1
wCv2DYtxr5U_9090000,9,,,,-1
wCv2DYtxr5U_9120000,13,,,,-1
wCv2DYtxr5U_9870000,14,,,,-1
wCv2DYtxr5U_9900000,13,,,,-1
wCv2DYtxr5U_9930000,14,,,,-1
wCv2DYtxr5U_9960000,16,,,,-1
wCv2DYtxr5U_9990000,9,,,,-1
