clip_id,video
2S-4eXbehr4_10020000,2S-4eXbehr4
2S-4eXbehr4_10050000,2S-4eXbehr4
2S-4eXbehr4_10110000,2S-4eXbehr4
2S-4eXbehr4_10140000,2S-4eXbehr4
2S-4eXbehr4_10170000,2S-4eXbehr4
2S-4eXbehr4_10200000,2S-4eXbehr4
2S-4eXbehr4_10230000,2S-4eXbehr4
2S-4eXbehr4_10260000,2S-4eXbehr4
2S-4eXbehr4_10290000,2S-4eXbehr4
2S-4eXbehr4_10320000,2S-4eXbehr4
2S-4eXbehr4_10410000,2S-4eXbehr4
2S-4eXbehr4_10440000,2S-4eXbehr4
2S-4eXbehr4_10500000,2S-4eXbehr4
2S-4eXbehr4_10530000,2S-4eXbehr4
2S-4eXbehr4_10560000,2S-4eXbehr4
2S-4eXbehr4_10590000,2S-4eXbehr4
2S-4eXbehr4_10650000,2S-4eXbehr4
2S-4eXbehr4_10680000,2S-4eXbehr4
2S-4eXbehr4_10710000,2S-4eXbehr4
2S-4eXbehr4_10740000,2S-4eXbehr4
2S-4eXbehr4_10770000,2S-4eXbehr4
2S-4eXbehr4_1080000,2S-4eXbehr4
2S-4eXbehr4_10800000,2S-4eXbehr4
2S-4eXbehr4_10830000,2S-4eXbehr4
2S-4eXbehr4_10860000,2S-4eXbehr4
2S-4eXbehr4_10890000,2S-4eXbehr4
2S-4eXbehr4_10920000,2S-4eXbehr4
2S-4eXbehr4_11220000,2S-4eXbehr4
2S-4eXbehr4_11340000,2S-4eXbehr4
2S-4eXbehr4_1140000,2S-4eXbehr4
2S-4eXbehr4_11460000,2S-4eXbehr4
2S-4eXbehr4_11550000,2S-4eXbehr4
2S-4eXbehr4_11580000,2S-4eXbehr4
2S-4eXbehr4_11610000,2S-4eXbehr4
2S-4eXbehr4_11640000,2S-4eXbehr4
2S-4eXbehr4_11700000,2S-4eXbehr4
2S-4eXbehr4_11730000,2S-4eXbehr4
2S-4eXbehr4_11760000,2S-4eXbehr4
2S-4eXbehr4_11820000,2S-4eXbehr4
2S-4eXbehr4_11880000,2S-4eXbehr4
2S-4eXbehr4_11910000,2S-4eXbehr4
2S-4eXbehr4_11940000,2S-4eXbehr4
2S-4eXbehr4_1200000,2S-4eXbehr4
2S-4eXbehr4_12090000,2S-4eXbehr4
2S-4eXbehr4_12120000,2S-4eXbehr4
2S-4eXbehr4_12270000,2S-4eXbehr4
2S-4eXbehr4_1230000,2S-4eXbehr4
2S-4eXbehr4_12330000,2S-4eXbehr4
2S-4eXbehr4_12360000,2S-4eXbehr4
2S-4eXbehr4_12390000,2S-4eXbehr4
2S-4eXbehr4_12420000,2S-4eXbehr4
2S-4eXbehr4_12450000,2S-4eXbehr4
2S-4eXbehr4_12480000,2S-4eXbehr4
2S-4eXbehr4_12510000,2S-4eXbehr4
2S-4eXbehr4_12540000,2S-4eXbehr4
2S-4eXbehr4_12570000,2S-4eXbehr4
2S-4eXbehr4_12600000,2S-4eXbehr4
2S-4eXbehr4_12630000,2S-4eXbehr4
2S-4eXbehr4_12660000,2S-4eXbehr4
2S-4eXbehr4_12690000,2S-4eXbehr4
2S-4eXbehr4_12720000,2S-4eXbehr4
2S-4eXbehr4_12750000,2S-4eXbehr4
2S-4eXbehr4_12810000,2S-4eXbehr4
2S-4eXbehr4_1290000,2S-4eXbehr4
2S-4eXbehr4_13050000,2S-4eXbehr4
2S-4eXbehr4_13080000,2S-4eXbehr4
2S-4eXbehr4_13170000,2S-4eXbehr4
2S-4eXbehr4_1320000,2S-4eXbehr4
2S-4eXbehr4_13200000,2S-4eXbehr4
2S-4eXbehr4_13230000,2S-4eXbehr4
2S-4eXbehr4_13260000,2S-4eXbehr4
2S-4eXbehr4_13290000,2S-4eXbehr4
2S-4eXbehr4_13320000,2S-4eXbehr4
2S-4eXbehr4_13350000,2S-4eXbehr4
2S-4eXbehr4_13380000,2S-4eXbehr4
2S-4eXbehr4_13410000,2S-4eXbehr4
2S-4eXbehr4_13440000,2S-4eXbehr4
2S-4eXbehr4_13470000,2S-4eXbehr4
2S-4eXbehr4_1350000,2S-4eXbehr4
2S-4eXbehr4_13500000,2S-4eXbehr4
2S-4eXbehr4_13620000,2S-4eXbehr4
2S-4eXbehr4_13680000,2S-4eXbehr4
2S-4eXbehr4_13710000,2S-4eXbehr4
2S-4eXbehr4_13740000,2S-4eXbehr4
2S-4eXbehr4_1380000,2S-4eXbehr4
2S-4eXbehr4_13920000,2S-4eXbehr4
2S-4eXbehr4_13950000,2S-4eXbehr4
2S-4eXbehr4_1410000,2S-4eXbehr4
2S-4eXbehr4_14100000,2S-4eXbehr4
2S-4eXbehr4_14130000,2S-4eXbehr4
2S-4eXbehr4_14160000,2S-4eXbehr4
2S-4eXbehr4_14190000,2S-4eXbehr4
2S-4eXbehr4_14250000,2S-4eXbehr4
2S-4eXbehr4_14280000,2S-4eXbehr4
2S-4eXbehr4_14310000,2S-4eXbehr4
2S-4eXbehr4_14340000,2S-4eXbehr4
2S-4eXbehr4_1440000,2S-4eXbehr4
2S-4eXbehr4_14430000,2S-4eXbehr4
2S-4eXbehr4_1470000,2S-4eXbehr4
2S-4eXbehr4_14700000,2S-4eXbehr4
2S-4eXbehr4_14880000,2S-4eXbehr4
2S-4eXbehr4_1500000,2S-4eXbehr4
2S-4eXbehr4_15060000,2S-4eXbehr4
2S-4eXbehr4_15180000,2S-4eXbehr4
2S-4eXbehr4_15210000,2S-4eXbehr4
2S-4eXbehr4_15240000,2S-4eXbehr4
2S-4eXbehr4_15270000,2S-4eXbehr4
2S-4eXbehr4_1530000,2S-4eXbehr4
2S-4eXbehr4_15300000,2S-4eXbehr4
2S-4eXbehr4_15330000,2S-4eXbehr4
2S-4eXbehr4_15360000,2S-4eXbehr4
2S-4eXbehr4_15390000,2S-4eXbehr4
2S-4eXbehr4_15420000,2S-4eXbehr4
2S-4eXbehr4_15450000,2S-4eXbehr4
2S-4eXbehr4_15510000,2S-4eXbehr4
2S-4eXbehr4_15570000,2S-4eXbehr4
2S-4eXbehr4_15600000,2S-4eXbehr4
2S-4eXbehr4_15690000,2S-4eXbehr4
2S-4eXbehr4_15720000,2S-4eXbehr4
2S-4eXbehr4_15750000,2S-4eXbehr4
2S-4eXbehr4_15810000,2S-4eXbehr4
2S-4eXbehr4_1590000,2S-4eXbehr4
2S-4eXbehr4_16170000,2S-4eXbehr4
2S-4eXbehr4_1620000,2S-4eXbehr4
2S-4eXbehr4_16200000,2S-4eXbehr4
2S-4eXbehr4_16230000,2S-4eXbehr4
2S-4eXbehr4_16260000,2S-4eXbehr4
2S-4eXbehr4_16290000,2S-4eXbehr4
2S-4eXbehr4_16440000,2S-4eXbehr4
2S-4eXbehr4_16470000,2S-4eXbehr4
2S-4eXbehr4_1650000,2S-4eXbehr4
2S-4eXbehr4_16500000,2S-4eXbehr4
2S-4eXbehr4_16530000,2S-4eXbehr4
2S-4eXbehr4_16560000,2S-4eXbehr4
2S-4eXbehr4_16590000,2S-4eXbehr4
2S-4eXbehr4_16650000,2S-4eXbehr4
2S-4eXbehr4_16680000,2S-4eXbehr4
2S-4eXbehr4_16710000,2S-4eXbehr4
2S-4eXbehr4_16740000,2S-4eXbehr4
2S-4eXbehr4_1680000,2S-4eXbehr4
2S-4eXbehr4_1710000,2S-4eXbehr4
2S-4eXbehr4_1770000,2S-4eXbehr4
2S-4eXbehr4_1800000,2S-4eXbehr4
2S-4eXbehr4_1830000,2S-4eXbehr4
2S-4eXbehr4_1860000,2S-4eXbehr4
2S-4eXbehr4_1890000,2S-4eXbehr4
2S-4eXbehr4_1920000,2S-4eXbehr4
2S-4eXbehr4_2040000,2S-4eXbehr4
2S-4eXbehr4_2100000,2S-4eXbehr4
2S-4eXbehr4_2130000,2S-4eXbehr4
2S-4eXbehr4_2160000,2S-4eXbehr4
2S-4eXbehr4_2220000,2S-4eXbehr4
2S-4eXbehr4_2250000,2S-4eXbehr4
2S-4eXbehr4_2310000,2S-4eXbehr4
2S-4eXbehr4_2370000,2S-4eXbehr4
2S-4eXbehr4_2400000,2S-4eXbehr4
2S-4eXbehr4_2460000,2S-4eXbehr4
2S-4eXbehr4_2490000,2S-4eXbehr4
2S-4eXbehr4_2520000,2S-4eXbehr4
2S-4eXbehr4_2550000,2S-4eXbehr4
2S-4eXbehr4_2580000,2S-4eXbehr4
2S-4eXbehr4_2640000,2S-4eXbehr4
2S-4eXbehr4_2670000,2S-4eXbehr4
2S-4eXbehr4_2700000,2S-4eXbehr4
2S-4eXbehr4_2730000,2S-4eXbehr4
2S-4eXbehr4_2760000,2S-4eXbehr4
2S-4eXbehr4_2790000,2S-4eXbehr4
2S-4eXbehr4_2820000,2S-4eXbehr4
2S-4eXbehr4_2850000,2S-4eXbehr4
2S-4eXbehr4_2880000,2S-4eXbehr4
2S-4eXbehr4_2910000,2S-4eXbehr4
2S-4eXbehr4_2940000,2S-4eXbehr4
2S-4eXbehr4_2970000,2S-4eXbehr4
2S-4eXbehr4_3000000,2S-4eXbehr4
2S-4eXbehr4_3060000,2S-4eXbehr4
2S-4eXbehr4_3090000,2S-4eXbehr4
2S-4eXbehr4_3120000,2S-4eXbehr4
2S-4eXbehr4_3150000,2S-4eXbehr4
2S-4eXbehr4_3180000,2S-4eXbehr4
2S-4eXbehr4_3210000,2S-4eXbehr4
2S-4eXbehr4_3240000,2S-4eXbehr4
2S-4eXbehr4_3270000,2S-4eXbehr4
2S-4eXbehr4_3330000,2S-4eXbehr4
2S-4eXbehr4_3390000,2S-4eXbehr4
2S-4eXbehr4_3450000,2S-4eXbehr4
2S-4eXbehr4_3480000,2S-4eXbehr4
2S-4eXbehr4_3510000,2S-4eXbehr4
2S-4eXbehr4_3540000,2S-4eXbehr4
2S-4eXbehr4_3570000,2S-4eXbehr4
2S-4eXbehr4_3600000,2S-4eXbehr4
2S-4eXbehr4_3630000,2S-4eXbehr4
2S-4eXbehr4_3690000,2S-4eXbehr4
2S-4eXbehr4_3720000,2S-4eXbehr4
2S-4eXbehr4_3750000,2S-4eXbehr4
2S-4eXbehr4_3780000,2S-4eXbehr4
2S-4eXbehr4_3810000,2S-4eXbehr4
2S-4eXbehr4_4500000,2S-4eXbehr4
2S-4eXbehr4_4530000,2S-4eXbehr4
2S-4eXbehr4_4560000,2S-4eXbehr4
2S-4eXbehr4_4590000,2S-4eXbehr4
2S-4eXbehr4_4620000,2S-4eXbehr4
2S-4eXbehr4_4650000,2S-4eXbehr4
2S-4eXbehr4_4680000,2S-4eXbehr4
2S-4eXbehr4_4710000,2S-4eXbehr4
2S-4eXbehr4_4740000,2S-4eXbehr4
2S-4eXbehr4_4770000,2S-4eXbehr4
2S-4eXbehr4_4800000,2S-4eXbehr4
2S-4eXbehr4_4860000,2S-4eXbehr4
2S-4eXbehr4_4890000,2S-4eXbehr4
2S-4eXbehr4_4950000,2S-4eXbehr4
2S-4eXbehr4_4980000,2S-4eXbehr4
2S-4eXbehr4_5010000,2S-4eXbehr4
2S-4eXbehr4_5040000,2S-4eXbehr4
2S-4eXbehr4_5070000,2S-4eXbehr4
2S-4eXbehr4_5100000,2S-4eXbehr4
2S-4eXbehr4_5130000,2S-4eXbehr4
2S-4eXbehr4_5220000,2S-4eXbehr4
2S-4eXbehr4_5250000,2S-4eXbehr4
2S-4eXbehr4_5280000,2S-4eXbehr4
2S-4eXbehr4_5310000,2S-4eXbehr4
2S-4eXbehr4_5340000,2S-4eXbehr4
2S-4eXbehr4_5370000,2S-4eXbehr4
2S-4eXbehr4_5400000,2S-4eXbehr4
2S-4eXbehr4_5460000,2S-4eXbehr4
2S-4eXbehr4_5490000,2S-4eXbehr4
2S-4eXbehr4_5550000,2S-4eXbehr4
2S-4eXbehr4_5580000,2S-4eXbehr4
2S-4eXbehr4_5640000,2S-4eXbehr4
2S-4eXbehr4_5670000,2S-4eXbehr4
2S-4eXbehr4_5700000,2S-4eXbehr4
2S-4eXbehr4_5730000,2S-4eXbehr4
2S-4eXbehr4_5760000,2S-4eXbehr4
2S-4eXbehr4_5790000,2S-4eXbehr4
2S-4eXbehr4_5820000,2S-4eXbehr4
2S-4eXbehr4_5850000,2S-4eXbehr4
2S-4eXbehr4_5880000,2S-4eXbehr4
2S-4eXbehr4_5910000,2S-4eXbehr4
2S-4eXbehr4_5970000,2S-4eXbehr4
2S-4eXbehr4_6000000,2S-4eXbehr4
2S-4eXbehr4_6030000,2S-4eXbehr4
2S-4eXbehr4_6090000,2S-4eXbehr4
2S-4eXbehr4_6240000,2S-4eXbehr4
2S-4eXbehr4_6270000,2S-4eXbehr4
2S-4eXbehr4_6360000,2S-4eXbehr4
2S-4eXbehr4_6420000,2S-4eXbehr4
2S-4eXbehr4_6450000,2S-4eXbehr4
2S-4eXbehr4_6510000,2S-4eXbehr4
2S-4eXbehr4_6540000,2S-4eXbehr4
2S-4eXbehr4_6570000,2S-4eXbehr4
2S-4eXbehr4_6600000,2S-4eXbehr4
2S-4eXbehr4_6630000,2S-4eXbehr4
2S-4eXbehr4_6660000,2S-4eXbehr4
2S-4eXbehr4_6690000,2S-4eXbehr4
2S-4eXbehr4_6720000,2S-4eXbehr4
2S-4eXbehr4_6750000,2S-4eXbehr4
2S-4eXbehr4_6780000,2S-4eXbehr4
2S-4eXbehr4_6810000,2S-4eXbehr4
2S-4eXbehr4_6900000,2S-4eXbehr4
2S-4eXbehr4_6930000,2S-4eXbehr4
2S-4eXbehr4_7020000,2S-4eXbehr4
2S-4eXbehr4_7050000,2S-4eXbehr4
2S-4eXbehr4_7080000,2S-4eXbehr4
2S-4eXbehr4_7110000,2S-4eXbehr4
2S-4eXbehr4_7170000,2S-4eXbehr4
2S-4eXbehr4_7200000,2S-4eXbehr4
2S-4eXbehr4_7230000,2S-4eXbehr4
2S-4eXbehr4_7260000,2S-4eXbehr4
2S-4eXbehr4_7290000,2S-4eXbehr4
2S-4eXbehr4_7320000,2S-4eXbehr4
2S-4eXbehr4_7350000,2S-4eXbehr4
2S-4eXbehr4_7380000,2S-4eXbehr4
2S-4eXbehr4_7410000,2S-4eXbehr4
2S-4eXbehr4_7440000,2S-4eXbehr4
2S-4eXbehr4_7470000,2S-4eXbehr4
2S-4eXbehr4_7530000,2S-4eXbehr4
2S-4eXbehr4_7980000,2S-4eXbehr4
2S-4eXbehr4_8010000,2S-4eXbehr4
2S-4eXbehr4_8190000,2S-4eXbehr4
2S-4eXbehr4_8220000,2S-4eXbehr4
2S-4eXbehr4_8280000,2S-4eXbehr4
2S-4eXbehr4_8310000,2S-4eXbehr4
2S-4eXbehr4_8340000,2S-4eXbehr4
2S-4eXbehr4_8370000,2S-4eXbehr4
2S-4eXbehr4_8400000,2S-4eXbehr4
2S-4eXbehr4_8430000,2S-4eXbehr4
2S-4eXbehr4_8490000,2S-4eXbehr4
2S-4eXbehr4_8550000,2S-4eXbehr4
2S-4eXbehr4_8580000,2S-4eXbehr4
2S-4eXbehr4_8610000,2S-4eXbehr4
2S-4eXbehr4_8640000,2S-4eXbehr4
2S-4eXbehr4_8670000,2S-4eXbehr4
2S-4eXbehr4_8700000,2S-4eXbehr4
2S-4eXbehr4_8730000,2S-4eXbehr4
2S-4eXbehr4_8760000,2S-4eXbehr4
2S-4eXbehr4_8820000,2S-4eXbehr4
2S-4eXbehr4_8880000,2S-4eXbehr4
2S-4eXbehr4_8910000,2S-4eXbehr4
2S-4eXbehr4_8940000,2S-4eXbehr4
2S-4eXbehr4_8970000,2S-4eXbehr4
2S-4eXbehr4_9000000,2S-4eXbehr4
2S-4eXbehr4_9030000,2S-4eXbehr4
2S-4eXbehr4_9060000,2S-4eXbehr4
2S-4eXbehr4_9090000,2S-4eXbehr4
2S-4eXbehr4_9180000,2S-4eXbehr4
2S-4eXbehr4_9210000,2S-4eXbehr4
2S-4eXbehr4_9270000,2S-4eXbehr4
2S-4eXbehr4_9300000,2S-4eXbehr4
2S-4eXbehr4_9330000,2S-4eXbehr4
2S-4eXbehr4_9360000,2S-4eXbehr4
2S-4eXbehr4_9390000,2S-4eXbehr4
2S-4eXbehr4_9420000,2S-4eXbehr4
2S-4eXbehr4_9450000,2S-4eXbehr4
2S-4eXbehr4_9480000,2S-4eXbehr4
2S-4eXbehr4_9510000,2S-4eXbehr4
2S-4eXbehr4_9540000,2S-4eXbehr4
2S-4eXbehr4_9570000,2S-4eXbehr4
2S-4eXbehr4_9600000,2S-4eXbehr4
2S-4eXbehr4_9630000,2S-4eXbehr4
2S-4eXbehr4_9660000,2S-4eXbehr4
2S-4eXbehr4_9690000,2S-4eXbehr4
2S-4eXbehr4_9720000,2S-4eXbehr4
2S-4eXbehr4_9780000,2S-4eXbehr4
2S-4eXbehr4_9810000,2S-4eXbehr4
2S-4eXbehr4_9840000,2S-4eXbehr4
2S-4eXbehr4_9870000,2S-4eXbehr4
2S-4eXbehr4_9930000,2S-4eXbehr4
2S-4eXbehr4_9990000,2S-4eXbehr4
ApvPWiz8nBM_0030000,ApvPWiz8nBM
ApvPWiz8nBM_0630000,ApvPWiz8nBM
ApvPWiz8nBM_0660000,ApvPWiz8nBM
ApvPWiz8nBM_0690000,ApvPWiz8nBM
ApvPWiz8nBM_0720000,ApvPWiz8nBM
ApvPWiz8nBM_0750000,ApvPWiz8nBM
ApvPWiz8nBM_0810000,ApvPWiz8nBM
ApvPWiz8nBM_0840000,ApvPWiz8nBM
ApvPWiz8nBM_0870000,ApvPWiz8nBM
ApvPWiz8nBM_0900000,ApvPWiz8nBM
ApvPWiz8nBM_0960000,ApvPWiz8nBM
ApvPWiz8nBM_0990000,ApvPWiz8nBM
ApvPWiz8nBM_10020000,ApvPWiz8nBM
ApvPWiz8nBM_10050000,ApvPWiz8nBM
ApvPWiz8nBM_10110000,ApvPWiz8nBM
ApvPWiz8nBM_10140000,ApvPWiz8nBM
ApvPWiz8nBM_10170000,ApvPWiz8nBM
ApvPWiz8nBM_1020000,ApvPWiz8nBM
ApvPWiz8nBM_10200000,ApvPWiz8nBM
ApvPWiz8nBM_10230000,ApvPWiz8nBM
ApvPWiz8nBM_10260000,ApvPWiz8nBM
ApvPWiz8nBM_10320000,ApvPWiz8nBM
ApvPWiz8nBM_10350000,ApvPWiz8nBM
ApvPWiz8nBM_10380000,ApvPWiz8nBM
ApvPWiz8nBM_10470000,ApvPWiz8nBM
ApvPWiz8nBM_1050000,ApvPWiz8nBM
ApvPWiz8nBM_10500000,ApvPWiz8nBM
ApvPWiz8nBM_10560000,ApvPWiz8nBM
ApvPWiz8nBM_10590000,ApvPWiz8nBM
ApvPWiz8nBM_10620000,ApvPWiz8nBM
ApvPWiz8nBM_10650000,ApvPWiz8nBM
ApvPWiz8nBM_1110000,ApvPWiz8nBM
ApvPWiz8nBM_11160000,ApvPWiz8nBM
ApvPWiz8nBM_11190000,ApvPWiz8nBM
ApvPWiz8nBM_11220000,ApvPWiz8nBM
ApvPWiz8nBM_11310000,ApvPWiz8nBM
ApvPWiz8nBM_1170000,ApvPWiz8nBM
ApvPWiz8nBM_1200000,ApvPWiz8nBM
ApvPWiz8nBM_1230000,ApvPWiz8nBM
ApvPWiz8nBM_1260000,ApvPWiz8nBM
ApvPWiz8nBM_1290000,ApvPWiz8nBM
ApvPWiz8nBM_1320000,ApvPWiz8nBM
ApvPWiz8nBM_1350000,ApvPWiz8nBM
ApvPWiz8nBM_1380000,ApvPWiz8nBM
ApvPWiz8nBM_1410000,ApvPWiz8nBM
ApvPWiz8nBM_1440000,ApvPWiz8nBM
ApvPWiz8nBM_1470000,ApvPWiz8nBM
ApvPWiz8nBM_1500000,ApvPWiz8nBM
ApvPWiz8nBM_1560000,ApvPWiz8nBM
ApvPWiz8nBM_1590000,ApvPWiz8nBM
ApvPWiz8nBM_1620000,ApvPWiz8nBM
ApvPWiz8nBM_1650000,ApvPWiz8nBM
ApvPWiz8nBM_1680000,ApvPWiz8nBM
ApvPWiz8nBM_1710000,ApvPWiz8nBM
ApvPWiz8nBM_1770000,ApvPWiz8nBM
ApvPWiz8nBM_1800000,ApvPWiz8nBM
ApvPWiz8nBM_1830000,ApvPWiz8nBM
ApvPWiz8nBM_1860000,ApvPWiz8nBM
ApvPWiz8nBM_1890000,ApvPWiz8nBM
ApvPWiz8nBM_1920000,ApvPWiz8nBM
ApvPWiz8nBM_1950000,ApvPWiz8nBM
ApvPWiz8nBM_2010000,ApvPWiz8nBM
ApvPWiz8nBM_2070000,ApvPWiz8nBM
ApvPWiz8nBM_2100000,ApvPWiz8nBM
ApvPWiz8nBM_2130000,ApvPWiz8nBM
ApvPWiz8nBM_2160000,ApvPWiz8nBM
ApvPWiz8nBM_2220000,ApvPWiz8nBM
ApvPWiz8nBM_2250000,ApvPWiz8nBM
ApvPWiz8nBM_2280000,ApvPWiz8nBM
ApvPWiz8nBM_2310000,ApvPWiz8nBM
ApvPWiz8nBM_2340000,ApvPWiz8nBM
ApvPWiz8nBM_2370000,ApvPWiz8nBM
ApvPWiz8nBM_2400000,ApvPWiz8nBM
ApvPWiz8nBM_2430000,ApvPWiz8nBM
ApvPWiz8nBM_2460000,ApvPWiz8nBM
ApvPWiz8nBM_2520000,ApvPWiz8nBM
ApvPWiz8nBM_2550000,ApvPWiz8nBM
ApvPWiz8nBM_2580000,ApvPWiz8nBM
ApvPWiz8nBM_2610000,ApvPWiz8nBM
ApvPWiz8nBM_2640000,ApvPWiz8nBM
ApvPWiz8nBM_2670000,ApvPWiz8nBM
ApvPWiz8nBM_2700000,ApvPWiz8nBM
ApvPWiz8nBM_2730000,ApvPWiz8nBM
ApvPWiz8nBM_2760000,ApvPWiz8nBM
ApvPWiz8nBM_2790000,ApvPWiz8nBM
ApvPWiz8nBM_2850000,ApvPWiz8nBM
ApvPWiz8nBM_2880000,ApvPWiz8nBM
ApvPWiz8nBM_2910000,ApvPWiz8nBM
ApvPWiz8nBM_2940000,ApvPWiz8nBM
ApvPWiz8nBM_2970000,ApvPWiz8nBM
ApvPWiz8nBM_3000000,ApvPWiz8nBM
ApvPWiz8nBM_3060000,ApvPWiz8nBM
ApvPWiz8nBM_3090000,ApvPWiz8nBM
ApvPWiz8nBM_3120000,ApvPWiz8nBM
ApvPWiz8nBM_3150000,ApvPWiz8nBM
ApvPWiz8nBM_3180000,ApvPWiz8nBM
ApvPWiz8nBM_3240000,ApvPWiz8nBM
ApvPWiz8nBM_3270000,ApvPWiz8nBM
ApvPWiz8nBM_3300000,ApvPWiz8nBM
ApvPWiz8nBM_3330000,ApvPWiz8nBM
ApvPWiz8nBM_3360000,ApvPWiz8nBM
ApvPWiz8nBM_3450000,ApvPWiz8nBM
ApvPWiz8nBM_3480000,ApvPWiz8nBM
ApvPWiz8nBM_3510000,ApvPWiz8nBM
ApvPWiz8nBM_3540000,ApvPWiz8nBM
ApvPWiz8nBM_3570000,ApvPWiz8nBM
ApvPWiz8nBM_3600000,ApvPWiz8nBM
ApvPWiz8nBM_3630000,ApvPWiz8nBM
ApvPWiz8nBM_3750000,ApvPWiz8nBM
ApvPWiz8nBM_3780000,ApvPWiz8nBM
ApvPWiz8nBM_3810000,ApvPWiz8nBM
ApvPWiz8nBM_3840000,ApvPWiz8nBM
ApvPWiz8nBM_3870000,ApvPWiz8nBM
ApvPWiz8nBM_3900000,ApvPWiz8nBM
ApvPWiz8nBM_3930000,ApvPWiz8nBM
ApvPWiz8nBM_3960000,ApvPWiz8nBM
ApvPWiz8nBM_3990000,ApvPWiz8nBM
ApvPWiz8nBM_4680000,ApvPWiz8nBM
ApvPWiz8nBM_4710000,ApvPWiz8nBM
ApvPWiz8nBM_4740000,ApvPWiz8nBM
ApvPWiz8nBM_4770000,ApvPWiz8nBM
ApvPWiz8nBM_4800000,ApvPWiz8nBM
ApvPWiz8nBM_4860000,ApvPWiz8nBM
ApvPWiz8nBM_4890000,ApvPWiz8nBM
ApvPWiz8nBM_4920000,ApvPWiz8nBM
ApvPWiz8nBM_4950000,ApvPWiz8nBM
ApvPWiz8nBM_4980000,ApvPWiz8nBM
ApvPWiz8nBM_5010000,ApvPWiz8nBM
ApvPWiz8nBM_5070000,ApvPWiz8nBM
ApvPWiz8nBM_5130000,ApvPWiz8nBM
ApvPWiz8nBM_5160000,ApvPWiz8nBM
ApvPWiz8nBM_5190000,ApvPWiz8nBM
ApvPWiz8nBM_5220000,ApvPWiz8nBM
ApvPWiz8nBM_5250000,ApvPWiz8nBM
ApvPWiz8nBM_5280000,ApvPWiz8nBM
ApvPWiz8nBM_5400000,ApvPWiz8nBM
ApvPWiz8nBM_5430000,ApvPWiz8nBM
ApvPWiz8nBM_5460000,ApvPWiz8nBM
ApvPWiz8nBM_5520000,ApvPWiz8nBM
ApvPWiz8nBM_5550000,ApvPWiz8nBM
ApvPWiz8nBM_5640000,ApvPWiz8nBM
ApvPWiz8nBM_5670000,ApvPWiz8nBM
ApvPWiz8nBM_5700000,ApvPWiz8nBM
ApvPWiz8nBM_5730000,ApvPWiz8nBM
ApvPWiz8nBM_5790000,ApvPWiz8nBM
ApvPWiz8nBM_5820000,ApvPWiz8nBM
ApvPWiz8nBM_5850000,ApvPWiz8nBM
ApvPWiz8nBM_5880000,ApvPWiz8nBM
ApvPWiz8nBM_5910000,ApvPWiz8nBM
ApvPWiz8nBM_5940000,ApvPWiz8nBM
ApvPWiz8nBM_5970000,ApvPWiz8nBM
ApvPWiz8nBM_6000000,ApvPWiz8nBM
ApvPWiz8nBM_6030000,ApvPWiz8nBM
ApvPWiz8nBM_6120000,ApvPWiz8nBM
ApvPWiz8nBM_6150000,ApvPWiz8nBM
ApvPWiz8nBM_6240000,ApvPWiz8nBM
ApvPWiz8nBM_6270000,ApvPWiz8nBM
ApvPWiz8nBM_6330000,ApvPWiz8nBM
ApvPWiz8nBM_6360000,ApvPWiz8nBM
ApvPWiz8nBM_6390000,ApvPWiz8nBM
ApvPWiz8nBM_6480000,ApvPWiz8nBM
ApvPWiz8nBM_6510000,ApvPWiz8nBM
ApvPWiz8nBM_6540000,ApvPWiz8nBM
ApvPWiz8nBM_6570000,ApvPWiz8nBM
ApvPWiz8nBM_6600000,ApvPWiz8nBM
ApvPWiz8nBM_6630000,ApvPWiz8nBM
ApvPWiz8nBM_6660000,ApvPWiz8nBM
ApvPWiz8nBM_6690000,ApvPWiz8nBM
ApvPWiz8nBM_6750000,ApvPWiz8nBM
ApvPWiz8nBM_6780000,ApvPWiz8nBM
ApvPWiz8nBM_6810000,ApvPWiz8nBM
ApvPWiz8nBM_6840000,ApvPWiz8nBM
ApvPWiz8nBM_6900000,ApvPWiz8nBM
ApvPWiz8nBM_6930000,ApvPWiz8nBM
ApvPWiz8nBM_6960000,ApvPWiz8nBM
ApvPWiz8nBM_6990000,ApvPWiz8nBM
ApvPWiz8nBM_7020000,ApvPWiz8nBM
ApvPWiz8nBM_7050000,ApvPWiz8nBM
ApvPWiz8nBM_7170000,ApvPWiz8nBM
ApvPWiz8nBM_7200000,ApvPWiz8nBM
ApvPWiz8nBM_7260000,ApvPWiz8nBM
ApvPWiz8nBM_7350000,ApvPWiz8nBM
ApvPWiz8nBM_7380000,ApvPWiz8nBM
ApvPWiz8nBM_7410000,ApvPWiz8nBM
ApvPWiz8nBM_7440000,ApvPWiz8nBM
ApvPWiz8nBM_7470000,ApvPWiz8nBM
ApvPWiz8nBM_7500000,ApvPWiz8nBM
ApvPWiz8nBM_7560000,ApvPWiz8nBM
ApvPWiz8nBM_7680000,ApvPWiz8nBM
ApvPWiz8nBM_7710000,ApvPWiz8nBM
ApvPWiz8nBM_7740000,ApvPWiz8nBM
ApvPWiz8nBM_7800000,ApvPWiz8nBM
ApvPWiz8nBM_7830000,ApvPWiz8nBM
ApvPWiz8nBM_7860000,ApvPWiz8nBM
ApvPWiz8nBM_7890000,ApvPWiz8nBM
ApvPWiz8nBM_7950000,ApvPWiz8nBM
ApvPWiz8nBM_7980000,ApvPWiz8nBM
ApvPWiz8nBM_8040000,ApvPWiz8nBM
ApvPWiz8nBM_8070000,ApvPWiz8nBM
ApvPWiz8nBM_8220000,ApvPWiz8nBM
ApvPWiz8nBM_8760000,ApvPWiz8nBM
ApvPWiz8nBM_8790000,ApvPWiz8nBM
ApvPWiz8nBM_8880000,ApvPWiz8nBM
ApvPWiz8nBM_8910000,ApvPWiz8nBM
ApvPWiz8nBM_9000000,ApvPWiz8nBM
ApvPWiz8nBM_9030000,ApvPWiz8nBM
ApvPWiz8nBM_9060000,ApvPWiz8nBM
ApvPWiz8nBM_9120000,ApvPWiz8nBM
ApvPWiz8nBM_9150000,ApvPWiz8nBM
ApvPWiz8nBM_9180000,ApvPWiz8nBM
ApvPWiz8nBM_9210000,ApvPWiz8nBM
ApvPWiz8nBM_9240000,ApvPWiz8nBM
ApvPWiz8nBM_9300000,ApvPWiz8nBM
ApvPWiz8nBM_9330000,ApvPWiz8nBM
ApvPWiz8nBM_9420000,ApvPWiz8nBM
ApvPWiz8nBM_9450000,ApvPWiz8nBM
ApvPWiz8nBM_9480000,ApvPWiz8nBM
ApvPWiz8nBM_9510000,ApvPWiz8nBM
ApvPWiz8nBM_9540000,ApvPWiz8nBM
ApvPWiz8nBM_9570000,ApvPWiz8nBM
ApvPWiz8nBM_9660000,ApvPWiz8nBM
ApvPWiz8nBM_9720000,ApvPWiz8nBM
ApvPWiz8nBM_9750000,ApvPWiz8nBM
ApvPWiz8nBM_9840000,ApvPWiz8nBM
ApvPWiz8nBM_9870000,ApvPWiz8nBM
ApvPWiz8nBM_9900000,ApvPWiz8nBM
ApvPWiz8nBM_9960000,ApvPWiz8nBM
ApvPWiz8nBM_9990000,ApvPWiz8nBM
h5_V5GYf7iM_0120000,h5_V5GYf7iM
h5_V5GYf7iM_0210000,h5_V5GYf7iM
h5_V5GYf7iM_0510000,h5_V5GYf7iM
h5_V5GYf7iM_0600000,h5_V5GYf7iM
h5_V5GYf7iM_0630000,h5_V5GYf7iM
h5_V5GYf7iM_0660000,h5_V5GYf7iM
h5_V5GYf7iM_0690000,h5_V5GYf7iM
h5_V5GYf7iM_0780000,h5_V5GYf7iM
h5_V5GYf7iM_0810000,h5_V5GYf7iM
h5_V5GYf7iM_0840000,h5_V5GYf7iM
h5_V5GYf7iM_0930000,h5_V5GYf7iM
h5_V5GYf7iM_0960000,h5_V5GYf7iM
h5_V5GYf7iM_0990000,h5_V5GYf7iM
h5_V5GYf7iM_1020000,h5_V5GYf7iM
h5_V5GYf7iM_1050000,h5_V5GYf7iM
h5_V5GYf7iM_1080000,h5_V5GYf7iM
h5_V5GYf7iM_1140000,h5_V5GYf7iM
h5_V5GYf7iM_1170000,h5_V5GYf7iM
h5_V5GYf7iM_1260000,h5_V5GYf7iM
h5_V5GYf7iM_1290000,h5_V5GYf7iM
h5_V5GYf7iM_1320000,h5_V5GYf7iM
h5_V5GYf7iM_1350000,h5_V5GYf7iM
h5_V5GYf7iM_1380000,h5_V5GYf7iM
h5_V5GYf7iM_1410000,h5_V5GYf7iM
h5_V5GYf7iM_1500000,h5_V5GYf7iM
h5_V5GYf7iM_1560000,h5_V5GYf7iM
h5_V5GYf7iM_1590000,h5_V5GYf7iM
h5_V5GYf7iM_1620000,h5_V5GYf7iM
h5_V5GYf7iM_1650000,h5_V5GYf7iM
h5_V5GYf7iM_1740000,h5_V5GYf7iM
h5_V5GYf7iM_1800000,h5_V5GYf7iM
h5_V5GYf7iM_1830000,h5_V5GYf7iM
h5_V5GYf7iM_1860000,h5_V5GYf7iM
h5_V5GYf7iM_1890000,h5_V5GYf7iM
h5_V5GYf7iM_1920000,h5_V5GYf7iM
h5_V5GYf7iM_1950000,h5_V5GYf7iM
h5_V5GYf7iM_1980000,h5_V5GYf7iM
h5_V5GYf7iM_2010000,h5_V5GYf7iM
h5_V5GYf7iM_2040000,h5_V5GYf7iM
h5_V5GYf7iM_2070000,h5_V5GYf7iM
h5_V5GYf7iM_2100000,h5_V5GYf7iM
h5_V5GYf7iM_2130000,h5_V5GYf7iM
h5_V5GYf7iM_2160000,h5_V5GYf7iM
h5_V5GYf7iM_2190000,h5_V5GYf7iM
h5_V5GYf7iM_2220000,h5_V5GYf7iM
h5_V5GYf7iM_2250000,h5_V5GYf7iM
h5_V5GYf7iM_2280000,h5_V5GYf7iM
h5_V5GYf7iM_2310000,h5_V5GYf7iM
h5_V5GYf7iM_2340000,h5_V5GYf7iM
h5_V5GYf7iM_2370000,h5_V5GYf7iM
h5_V5GYf7iM_2430000,h5_V5GYf7iM
h5_V5GYf7iM_2520000,h5_V5GYf7iM
h5_V5GYf7iM_2580000,h5_V5GYf7iM
h5_V5GYf7iM_2670000,h5_V5GYf7iM
h5_V5GYf7iM_2700000,h5_V5GYf7iM
h5_V5GYf7iM_2730000,h5_V5GYf7iM
h5_V5GYf7iM_2790000,h5_V5GYf7iM
h5_V5GYf7iM_2850000,h5_V5GYf7iM
h5_V5GYf7iM_2880000,h5_V5GYf7iM
h5_V5GYf7iM_2940000,h5_V5GYf7iM
h5_V5GYf7iM_3150000,h5_V5GYf7iM
h5_V5GYf7iM_3180000,h5_V5GYf7iM
h5_V5GYf7iM_3210000,h5_V5GYf7iM
h5_V5GYf7iM_3240000,h5_V5GYf7iM
h5_V5GYf7iM_3300000,h5_V5GYf7iM
h5_V5GYf7iM_3330000,h5_V5GYf7iM
h5_V5GYf7iM_3390000,h5_V5GYf7iM
h5_V5GYf7iM_3420000,h5_V5GYf7iM
h5_V5GYf7iM_3480000,h5_V5GYf7iM
h5_V5GYf7iM_3510000,h5_V5GYf7iM
h5_V5GYf7iM_3540000,h5_V5GYf7iM
h5_V5GYf7iM_3570000,h5_V5GYf7iM
h5_V5GYf7iM_3630000,h5_V5GYf7iM
h5_V5GYf7iM_3660000,h5_V5GYf7iM
h5_V5GYf7iM_3690000,h5_V5GYf7iM
h5_V5GYf7iM_3780000,h5_V5GYf7iM
h5_V5GYf7iM_3840000,h5_V5GYf7iM
h5_V5GYf7iM_3870000,h5_V5GYf7iM
h5_V5GYf7iM_3900000,h5_V5GYf7iM
h5_V5GYf7iM_3960000,h5_V5GYf7iM
h5_V5GYf7iM_4050000,h5_V5GYf7iM
h5_V5GYf7iM_4080000,h5_V5GYf7iM
h5_V5GYf7iM_4170000,h5_V5GYf7iM
h5_V5GYf7iM_4200000,h5_V5GYf7iM
h5_V5GYf7iM_4320000,h5_V5GYf7iM
h5_V5GYf7iM_4350000,h5_V5GYf7iM
h5_V5GYf7iM_5220000,h5_V5GYf7iM
h5_V5GYf7iM_5250000,h5_V5GYf7iM
h5_V5GYf7iM_5280000,h5_V5GYf7iM
h5_V5GYf7iM_5310000,h5_V5GYf7iM
h5_V5GYf7iM_5400000,h5_V5GYf7iM
h5_V5GYf7iM_5430000,h5_V5GYf7iM
h5_V5GYf7iM_5460000,h5_V5GYf7iM
h5_V5GYf7iM_5550000,h5_V5GYf7iM
h5_V5GYf7iM_5640000,h5_V5GYf7iM
h5_V5GYf7iM_5670000,h5_V5GYf7iM
h5_V5GYf7iM_5700000,h5_V5GYf7iM
h5_V5GYf7iM_5730000,h5_V5GYf7iM
h5_V5GYf7iM_5790000,h5_V5GYf7iM
h5_V5GYf7iM_5820000,h5_V5GYf7iM
h5_V5GYf7iM_5850000,h5_V5GYf7iM
h5_V5GYf7iM_5940000,h5_V5GYf7iM
h5_V5GYf7iM_5970000,h5_V5GYf7iM
h5_V5GYf7iM_6150000,h5_V5GYf7iM
h5_V5GYf7iM_6180000,h5_V5GYf7iM
h5_V5GYf7iM_6210000,h5_V5GYf7iM
h5_V5GYf7iM_6240000,h5_V5GYf7iM
h5_V5GYf7iM_6270000,h5_V5GYf7iM
h5_V5GYf7iM_6360000,h5_V5GYf7iM
h5_V5GYf7iM_6390000,h5_V5GYf7iM
h5_V5GYf7iM_6630000,h5_V5GYf7iM
h5_V5GYf7iM_6660000,h5_V5GYf7iM
jtEeeuyIpLA_0000000,jtEeeuyIpLA
jtEeeuyIpLA_0030000,jtEeeuyIpLA
jtEeeuyIpLA_0150000,jtEeeuyIpLA
jtEeeuyIpLA_0180000,jtEeeuyIpLA
jtEeeuyIpLA_0210000,jtEeeuyIpLA
jtEeeuyIpLA_0270000,jtEeeuyIpLA
jtEeeuyIpLA_0300000,jtEeeuyIpLA
jtEeeuyIpLA_0360000,jtEeeuyIpLA
jtEeeuyIpLA_0390000,jtEeeuyIpLA
jtEeeuyIpLA_0420000,jtEeeuyIpLA
jtEeeuyIpLA_0480000,jtEeeuyIpLA
jtEeeuyIpLA_0510000,jtEeeuyIpLA
jtEeeuyIpLA_0540000,jtEeeuyIpLA
jtEeeuyIpLA_0630000,jtEeeuyIpLA
jtEeeuyIpLA_0660000,jtEeeuyIpLA
jtEeeuyIpLA_0720000,jtEeeuyIpLA
jtEeeuyIpLA_0750000,jtEeeuyIpLA
jtEeeuyIpLA_0780000,jtEeeuyIpLA
jtEeeuyIpLA_0840000,jtEeeuyIpLA
jtEeeuyIpLA_0870000,jtEeeuyIpLA
jtEeeuyIpLA_0900000,jtEeeuyIpLA
jtEeeuyIpLA_0960000,jtEeeuyIpLA
jtEeeuyIpLA_0990000,jtEeeuyIpLA
jtEeeuyIpLA_1020000,jtEeeuyIpLA
jtEeeuyIpLA_1050000,jtEeeuyIpLA
jtEeeuyIpLA_1080000,jtEeeuyIpLA
jtEeeuyIpLA_1110000,jtEeeuyIpLA
jtEeeuyIpLA_1230000,jtEeeuyIpLA
jtEeeuyIpLA_1260000,jtEeeuyIpLA
jtEeeuyIpLA_1350000,jtEeeuyIpLA
jtEeeuyIpLA_1380000,jtEeeuyIpLA
jtEeeuyIpLA_1500000,jtEeeuyIpLA
jtEeeuyIpLA_1590000,jtEeeuyIpLA
jtEeeuyIpLA_1620000,jtEeeuyIpLA
jtEeeuyIpLA_1650000,jtEeeuyIpLA
jtEeeuyIpLA_1710000,jtEeeuyIpLA
jtEeeuyIpLA_1740000,jtEeeuyIpLA
jtEeeuyIpLA_1890000,jtEeeuyIpLA
jtEeeuyIpLA_1920000,jtEeeuyIpLA
jtEeeuyIpLA_1950000,jtEeeuyIpLA
jtEeeuyIpLA_1980000,jtEeeuyIpLA
jtEeeuyIpLA_2010000,jtEeeuyIpLA
jtEeeuyIpLA_2070000,jtEeeuyIpLA
jtEeeuyIpLA_2100000,jtEeeuyIpLA
jtEeeuyIpLA_2190000,jtEeeuyIpLA
jtEeeuyIpLA_2220000,jtEeeuyIpLA
jtEeeuyIpLA_2370000,jtEeeuyIpLA
jtEeeuyIpLA_2520000,jtEeeuyIpLA
jtEeeuyIpLA_2550000,jtEeeuyIpLA
jtEeeuyIpLA_2580000,jtEeeuyIpLA
jtEeeuyIpLA_2640000,jtEeeuyIpLA
jtEeeuyIpLA_2670000,jtEeeuyIpLA
jtEeeuyIpLA_2730000,jtEeeuyIpLA
jtEeeuyIpLA_2760000,jtEeeuyIpLA
jtEeeuyIpLA_2790000,jtEeeuyIpLA
jtEeeuyIpLA_2850000,jtEeeuyIpLA
jtEeeuyIpLA_2880000,jtEeeuyIpLA
jtEeeuyIpLA_2910000,jtEeeuyIpLA
jtEeeuyIpLA_3000000,jtEeeuyIpLA
jtEeeuyIpLA_3030000,jtEeeuyIpLA
jtEeeuyIpLA_3120000,jtEeeuyIpLA
jtEeeuyIpLA_3150000,jtEeeuyIpLA
jtEeeuyIpLA_3240000,jtEeeuyIpLA
jtEeeuyIpLA_3270000,jtEeeuyIpLA
jtEeeuyIpLA_3330000,jtEeeuyIpLA
jtEeeuyIpLA_3360000,jtEeeuyIpLA
jtEeeuyIpLA_3450000,jtEeeuyIpLA
jtEeeuyIpLA_3480000,jtEeeuyIpLA
jtEeeuyIpLA_3510000,jtEeeuyIpLA
jtEeeuyIpLA_3540000,jtEeeuyIpLA
jtEeeuyIpLA_3600000,jtEeeuyIpLA
jtEeeuyIpLA_3630000,jtEeeuyIpLA
jtEeeuyIpLA_3690000,jtEeeuyIpLA
jtEeeuyIpLA_3720000,jtEeeuyIpLA
jtEeeuyIpLA_3750000,jtEeeuyIpLA
jtEeeuyIpLA_3780000,jtEeeuyIpLA
jtEeeuyIpLA_3840000,jtEeeuyIpLA
jtEeeuyIpLA_3870000,jtEeeuyIpLA
jtEeeuyIpLA_3990000,jtEeeuyIpLA
jtEeeuyIpLA_4080000,jtEeeuyIpLA
jtEeeuyIpLA_4110000,jtEeeuyIpLA
jtEeeuyIpLA_4230000,jtEeeuyIpLA
jtEeeuyIpLA_4260000,jtEeeuyIpLA
jtEeeuyIpLA_4290000,jtEeeuyIpLA
jtEeeuyIpLA_4410000,jtEeeuyIpLA
jtEeeuyIpLA_4470000,jtEeeuyIpLA
jtEeeuyIpLA_4500000,jtEeeuyIpLA
jtEeeuyIpLA_4590000,jtEeeuyIpLA
jtEeeuyIpLA_4620000,jtEeeuyIpLA
jtEeeuyIpLA_4650000,jtEeeuyIpLA
jtEeeuyIpLA_4680000,jtEeeuyIpLA
jtEeeuyIpLA_4710000,jtEeeuyIpLA
jtEeeuyIpLA_4740000,jtEeeuyIpLA
jtEeeuyIpLA_4770000,jtEeeuyIpLA
jtEeeuyIpLA_4830000,jtEeeuyIpLA
jtEeeuyIpLA_5190000,jtEeeuyIpLA
jtEeeuyIpLA_5310000,jtEeeuyIpLA
jtEeeuyIpLA_5340000,jtEeeuyIpLA
jtEeeuyIpLA_5370000,jtEeeuyIpLA
jtEeeuyIpLA_5430000,jtEeeuyIpLA
jtEeeuyIpLA_5550000,jtEeeuyIpLA
jtEeeuyIpLA_5580000,jtEeeuyIpLA
jtEeeuyIpLA_5610000,jtEeeuyIpLA
jtEeeuyIpLA_5670000,jtEeeuyIpLA
jtEeeuyIpLA_5700000,jtEeeuyIpLA
jtEeeuyIpLA_5790000,jtEeeuyIpLA
jtEeeuyIpLA_5820000,jtEeeuyIpLA
jtEeeuyIpLA_5850000,jtEeeuyIpLA
jtEeeuyIpLA_5910000,jtEeeuyIpLA
kZbGlTmo8Ds_0540000,kZbGlTmo8Ds
kZbGlTmo8Ds_0810000,kZbGlTmo8Ds
kZbGlTmo8Ds_0840000,kZbGlTmo8Ds
kZbGlTmo8Ds_0960000,kZbGlTmo8Ds
kZbGlTmo8Ds_0990000,kZbGlTmo8Ds
kZbGlTmo8Ds_1020000,kZbGlTmo8Ds
kZbGlTmo8Ds_1050000,kZbGlTmo8Ds
kZbGlTmo8Ds_1080000,kZbGlTmo8Ds
kZbGlTmo8Ds_1110000,kZbGlTmo8Ds
kZbGlTmo8Ds_1320000,kZbGlTmo8Ds
kZbGlTmo8Ds_1350000,kZbGlTmo8Ds
kZbGlTmo8Ds_1410000,kZbGlTmo8Ds
kZbGlTmo8Ds_1440000,kZbGlTmo8Ds
kZbGlTmo8Ds_1470000,kZbGlTmo8Ds
kZbGlTmo8Ds_1530000,kZbGlTmo8Ds
kZbGlTmo8Ds_1560000,kZbGlTmo8Ds
kZbGlTmo8Ds_1590000,kZbGlTmo8Ds
kZbGlTmo8Ds_1620000,kZbGlTmo8Ds
kZbGlTmo8Ds_1650000,kZbGlTmo8Ds
kZbGlTmo8Ds_1710000,kZbGlTmo8Ds
kZbGlTmo8Ds_1800000,kZbGlTmo8Ds
kZbGlTmo8Ds_1830000,kZbGlTmo8Ds
kZbGlTmo8Ds_1890000,kZbGlTmo8Ds
kZbGlTmo8Ds_1920000,kZbGlTmo8Ds
kZbGlTmo8Ds_1950000,kZbGlTmo8Ds
kZbGlTmo8Ds_1980000,kZbGlTmo8Ds
kZbGlTmo8Ds_2010000,kZbGlTmo8Ds
kZbGlTmo8Ds_2040000,kZbGlTmo8Ds
kZbGlTmo8Ds_2070000,kZbGlTmo8Ds
kZbGlTmo8Ds_2100000,kZbGlTmo8Ds
kZbGlTmo8Ds_2190000,kZbGlTmo8Ds
kZbGlTmo8Ds_2220000,kZbGlTmo8Ds
kZbGlTmo8Ds_2280000,kZbGlTmo8Ds
kZbGlTmo8Ds_2340000,kZbGlTmo8Ds
kZbGlTmo8Ds_2400000,kZbGlTmo8Ds
kZbGlTmo8Ds_2490000,kZbGlTmo8Ds
kZbGlTmo8Ds_2520000,kZbGlTmo8Ds
kZbGlTmo8Ds_2550000,kZbGlTmo8Ds
kZbGlTmo8Ds_2610000,kZbGlTmo8Ds
kZbGlTmo8Ds_2670000,kZbGlTmo8Ds
kZbGlTmo8Ds_2760000,kZbGlTmo8Ds
kZbGlTmo8Ds_2790000,kZbGlTmo8Ds
kZbGlTmo8Ds_2820000,kZbGlTmo8Ds
kZbGlTmo8Ds_2850000,kZbGlTmo8Ds
kZbGlTmo8Ds_2880000,kZbGlTmo8Ds
kZbGlTmo8Ds_2910000,kZbGlTmo8Ds
kZbGlTmo8Ds_3000000,kZbGlTmo8Ds
kZbGlTmo8Ds_3030000,kZbGlTmo8Ds
kZbGlTmo8Ds_3060000,kZbGlTmo8Ds
kZbGlTmo8Ds_3090000,kZbGlTmo8Ds
kZbGlTmo8Ds_3120000,kZbGlTmo8Ds
kZbGlTmo8Ds_3180000,kZbGlTmo8Ds
kZbGlTmo8Ds_3240000,kZbGlTmo8Ds
kZbGlTmo8Ds_3360000,kZbGlTmo8Ds
kZbGlTmo8Ds_3390000,kZbGlTmo8Ds
kZbGlTmo8Ds_3480000,kZbGlTmo8Ds
kZbGlTmo8Ds_3510000,kZbGlTmo8Ds
kZbGlTmo8Ds_3540000,kZbGlTmo8Ds
kZbGlTmo8Ds_3600000,kZbGlTmo8Ds
kZbGlTmo8Ds_3660000,kZbGlTmo8Ds
kZbGlTmo8Ds_3690000,kZbGlTmo8Ds
kZbGlTmo8Ds_3780000,kZbGlTmo8Ds
kZbGlTmo8Ds_3810000,kZbGlTmo8Ds
kZbGlTmo8Ds_4020000,kZbGlTmo8Ds
kZbGlTmo8Ds_4080000,kZbGlTmo8Ds
kZbGlTmo8Ds_4140000,kZbGlTmo8Ds
kZbGlTmo8Ds_4170000,kZbGlTmo8Ds
kZbGlTmo8Ds_4290000,kZbGlTmo8Ds
kZbGlTmo8Ds_4380000,kZbGlTmo8Ds
kZbGlTmo8Ds_4410000,kZbGlTmo8Ds
kZbGlTmo8Ds_4440000,kZbGlTmo8Ds
kZbGlTmo8Ds_4470000,kZbGlTmo8Ds
kZbGlTmo8Ds_4500000,kZbGlTmo8Ds
kZbGlTmo8Ds_4530000,kZbGlTmo8Ds
kZbGlTmo8Ds_4560000,kZbGlTmo8Ds
kZbGlTmo8Ds_4650000,kZbGlTmo8Ds
kZbGlTmo8Ds_4890000,kZbGlTmo8Ds
kZbGlTmo8Ds_4920000,kZbGlTmo8Ds
kZbGlTmo8Ds_4980000,kZbGlTmo8Ds
kZbGlTmo8Ds_5010000,kZbGlTmo8Ds
kZbGlTmo8Ds_5040000,kZbGlTmo8Ds
kZbGlTmo8Ds_5070000,kZbGlTmo8Ds
kZbGlTmo8Ds_5550000,kZbGlTmo8Ds
kZbGlTmo8Ds_5610000,kZbGlTmo8Ds
kZbGlTmo8Ds_5640000,kZbGlTmo8Ds
kZbGlTmo8Ds_5670000,kZbGlTmo8Ds
kZbGlTmo8Ds_5850000,kZbGlTmo8Ds
kZbGlTmo8Ds_5880000,kZbGlTmo8Ds
kZbGlTmo8Ds_5940000,kZbGlTmo8Ds
kZbGlTmo8Ds_5970000,kZbGlTmo8Ds
kZbGlTmo8Ds_6000000,kZbGlTmo8Ds
kZbGlTmo8Ds_6030000,kZbGlTmo8Ds
kZbGlTmo8Ds_6120000,kZbGlTmo8Ds
kZbGlTmo8Ds_6150000,kZbGlTmo8Ds
kZbGlTmo8Ds_6240000,kZbGlTmo8Ds
kZbGlTmo8Ds_6270000,kZbGlTmo8Ds
kZbGlTmo8Ds_6300000,kZbGlTmo8Ds
kZbGlTmo8Ds_6330000,kZbGlTmo8Ds
kZbGlTmo8Ds_6390000,kZbGlTmo8Ds
kZbGlTmo8Ds_6450000,kZbGlTmo8Ds
kZbGlTmo8Ds_6480000,kZbGlTmo8Ds
kZbGlTmo8Ds_6510000,kZbGlTmo8Ds
kZbGlTmo8Ds_6570000,kZbGlTmo8Ds
kZbGlTmo8Ds_6600000,kZbGlTmo8Ds
kZbGlTmo8Ds_6660000,kZbGlTmo8Ds
kZbGlTmo8Ds_6720000,kZbGlTmo8Ds
kZbGlTmo8Ds_6810000,kZbGlTmo8Ds
kZbGlTmo8Ds_6840000,kZbGlTmo8Ds
kZbGlTmo8Ds_6870000,kZbGlTmo8Ds
kZbGlTmo8Ds_6930000,kZbGlTmo8Ds
kZbGlTmo8Ds_7020000,kZbGlTmo8Ds
kZbGlTmo8Ds_7050000,kZbGlTmo8Ds
kZbGlTmo8Ds_7080000,kZbGlTmo8Ds
kZbGlTmo8Ds_7110000,kZbGlTmo8Ds
kZbGlTmo8Ds_7170000,kZbGlTmo8Ds
kZbGlTmo8Ds_7200000,kZbGlTmo8Ds
kZbGlTmo8Ds_7290000,kZbGlTmo8Ds
kZbGlTmo8Ds_7320000,kZbGlTmo8Ds
kZbGlTmo8Ds_7380000,kZbGlTmo8Ds
kZbGlTmo8Ds_7410000,kZbGlTmo8Ds
kZbGlTmo8Ds_7440000,kZbGlTmo8Ds
kZbGlTmo8Ds_7530000,kZbGlTmo8Ds
kZbGlTmo8Ds_7620000,kZbGlTmo8Ds
kZbGlTmo8Ds_7650000,kZbGlTmo8Ds
kZbGlTmo8Ds_7680000,kZbGlTmo8Ds
kZbGlTmo8Ds_7800000,kZbGlTmo8Ds
kZbGlTmo8Ds_7860000,kZbGlTmo8Ds
kZbGlTmo8Ds_7890000,kZbGlTmo8Ds
kZbGlTmo8Ds_7920000,kZbGlTmo8Ds
kZbGlTmo8Ds_7980000,kZbGlTmo8Ds
kZbGlTmo8Ds_8010000,kZbGlTmo8Ds
kZbGlTmo8Ds_8070000,kZbGlTmo8Ds
kZbGlTmo8Ds_8130000,kZbGlTmo8Ds
kZbGlTmo8Ds_8160000,kZbGlTmo8Ds
kZbGlTmo8Ds_8190000,kZbGlTmo8Ds
kZbGlTmo8Ds_8250000,kZbGlTmo8Ds
kZbGlTmo8Ds_8280000,kZbGlTmo8Ds
kZbGlTmo8Ds_8340000,kZbGlTmo8Ds
kZbGlTmo8Ds_8370000,kZbGlTmo8Ds
kZbGlTmo8Ds_8400000,kZbGlTmo8Ds
kZbGlTmo8Ds_8430000,kZbGlTmo8Ds
kZbGlTmo8Ds_8460000,kZbGlTmo8Ds
kZbGlTmo8Ds_8490000,kZbGlTmo8Ds
kZbGlTmo8Ds_8520000,kZbGlTmo8Ds
kZbGlTmo8Ds_8550000,kZbGlTmo8Ds
kZbGlTmo8Ds_8610000,kZbGlTmo8Ds
kZbGlTmo8Ds_8760000,kZbGlTmo8Ds
kZbGlTmo8Ds_8820000,kZbGlTmo8Ds
kZbGlTmo8Ds_8880000,kZbGlTmo8Ds
kZbGlTmo8Ds_8940000,kZbGlTmo8Ds
kZbGlTmo8Ds_9030000,kZbGlTmo8Ds
kZbGlTmo8Ds_9060000,kZbGlTmo8Ds
kZbGlTmo8Ds_9090000,kZbGlTmo8Ds
kZbGlTmo8Ds_9120000,kZbGlTmo8Ds
kZbGlTmo8Ds_9180000,kZbGlTmo8Ds
kZbGlTmo8Ds_9210000,kZbGlTmo8Ds
kZbGlTmo8Ds_9240000,kZbGlTmo8Ds
kZbGlTmo8Ds_9270000,kZbGlTmo8Ds
kZbGlTmo8Ds_9300000,kZbGlTmo8Ds
kZbGlTmo8Ds_9390000,kZbGlTmo8Ds
kZbGlTmo8Ds_9420000,kZbGlTmo8Ds
kZbGlTmo8Ds_9690000,kZbGlTmo8Ds
kZbGlTmo8Ds_9840000,kZbGlTmo8Ds
wCv2DYtxr5U_10050000,wCv2DYtxr5U
wCv2DYtxr5U_10080000,wCv2DYtxr5U
wCv2DYtxr5U_10110000,wCv2DYtxr5U
wCv2DYtxr5U_10140000,wCv2DYtxr5U
wCv2DYtxr5U_10170000,wCv2DYtxr5U
wCv2DYtxr5U_10200000,wCv2DYtxr5U
wCv2DYtxr5U_10230000,wCv2DYtxr5U
wCv2DYtxr5U_10260000,wCv2DYtxr5U
wCv2DYtxr5U_10320000,wCv2DYtxr5U
wCv2DYtxr5U_10350000,wCv2DYtxr5U
wCv2DYtxr5U_10380000,wCv2DYtxr5U
wCv2DYtxr5U_10410000,wCv2DYtxr5U
wCv2DYtxr5U_10470000,wCv2DYtxr5U
wCv2DYtxr5U_10500000,wCv2DYtxr5U
wCv2DYtxr5U_10560000,wCv2DYtxr5U
wCv2DYtxr5U_10590000,wCv2DYtxr5U
wCv2DYtxr5U_10620000,wCv2DYtxr5U
wCv2DYtxr5U_10650000,wCv2DYtxr5U
wCv2DYtxr5U_10740000,wCv2DYtxr5U
wCv2DYtxr5U_10800000,wCv2DYtxr5U
wCv2DYtxr5U_10830000,wCv2DYtxr5U
wCv2DYtxr5U_10890000,wCv2DYtxr5U
wCv2DYtxr5U_10920000,wCv2DYtxr5U
wCv2DYtxr5U_10950000,wCv2DYtxr5U
wCv2DYtxr5U_11010000,wCv2DYtxr5U
wCv2DYtxr5U_11100000,wCv2DYtxr5U
wCv2DYtxr5U_11130000,wCv2DYtxr5U
wCv2DYtxr5U_11550000,wCv2DYtxr5U
wCv2DYtxr5U_11580000,wCv2DYtxr5U
wCv2DYtxr5U_11760000,wCv2DYtxr5U
wCv2DYtxr5U_11790000,wCv2DYtxr5U
wCv2DYtxr5U_11820000,wCv2DYtxr5U
wCv2DYtxr5U_11940000,wCv2DYtxr5U
wCv2DYtxr5U_11970000,wCv2DYtxr5U
wCv2DYtxr5U_12000000,wCv2DYtxr5U
wCv2DYtxr5U_12060000,wCv2DYtxr5U
wCv2DYtxr5U_12120000,wCv2DYtxr5U
wCv2DYtxr5U_12150000,wCv2DYtxr5U
wCv2DYtxr5U_12210000,wCv2DYtxr5U
wCv2DYtxr5U_1290000,wCv2DYtxr5U
wCv2DYtxr5U_2490000,wCv2DYtxr5U
wCv2DYtxr5U_2520000,wCv2DYtxr5U
wCv2DYtxr5U_2550000,wCv2DYtxr5U
wCv2DYtxr5U_2580000,wCv2DYtxr5U
wCv2DYtxr5U_2610000,wCv2DYtxr5U
wCv2DYtxr5U_2640000,wCv2DYtxr5U
wCv2DYtxr5U_2670000,wCv2DYtxr5U
wCv2DYtxr5U_2730000,wCv2DYtxr5U
wCv2DYtxr5U_2850000,wCv2DYtxr5U
wCv2DYtxr5U_2910000,wCv2DYtxr5U
wCv2DYtxr5U_2940000,wCv2DYtxr5U
wCv2DYtxr5U_2970000,wCv2DYtxr5U
wCv2DYtxr5U_3000000,wCv2DYtxr5U
wCv2DYtxr5U_3030000,wCv2DYtxr5U
wCv2DYtxr5U_3060000,wCv2DYtxr5U
wCv2DYtxr5U_3120000,wCv2DYtxr5U
wCv2DYtxr5U_3180000,wCv2DYtxr5U
wCv2DYtxr5U_3210000,wCv2DYtxr5U
wCv2DYtxr5U_3300000,wCv2DYtxr5U
wCv2DYtxr5U_3390000,wCv2DYtxr5U
wCv2DYtxr5U_3420000,wCv2DYtxr5U
wCv2DYtxr5U_3450000,wCv2DYtxr5U
wCv2DYtxr5U_3480000,wCv2DYtxr5U
wCv2DYtxr5U_3540000,wCv2DYtxr5U
wCv2DYtxr5U_3570000,wCv2DYtxr5U
wCv2DYtxr5U_3660000,wCv2DYtxr5U
wCv2DYtxr5U_3690000,wCv2DYtxr5U
wCv2DYtxr5U_3780000,wCv2DYtxr5U
wCv2DYtxr5U_3810000,wCv2DYtxr5U
wCv2DYtxr5U_3840000,wCv2DYtxr5U
wCv2DYtxr5U_3870000,wCv2DYtxr5U
wCv2DYtxr5U_3900000,wCv2DYtxr5U
wCv2DYtxr5U_3960000,wCv2DYtxr5U
wCv2DYtxr5U_3990000,wCv2DYtxr5U
wCv2DYtxr5U_4020000,wCv2DYtxr5U
wCv2DYtxr5U_4050000,wCv2DYtxr5U
wCv2DYtxr5U_4110000,wCv2DYtxr5U
wCv2DYtxr5U_4140000,wCv2DYtxr5U
wCv2DYtxr5U_4170000,wCv2DYtxr5U
wCv2DYtxr5U_4200000,wCv2DYtxr5U
wCv2DYtxr5U_4230000,wCv2DYtxr5U
wCv2DYtxr5U_4260000,wCv2DYtxr5U
wCv2DYtxr5U_4320000,wCv2DYtxr5U
wCv2DYtxr5U_4350000,wCv2DYtxr5U
wCv2DYtxr5U_4380000,wCv2DYtxr5U
wCv2DYtxr5U_4410000,wCv2DYtxr5U
wCv2DYtxr5U_4440000,wCv2DYtxr5U
wCv2DYtxr5U_4500000,wCv2DYtxr5U
wCv2DYtxr5U_4620000,wCv2DYtxr5U
wCv2DYtxr5U_4650000,wCv2DYtxr5U
wCv2DYtxr5U_4680000,wCv2DYtxr5U
wCv2DYtxr5U_4710000,wCv2DYtxr5U
wCv2DYtxr5U_4740000,wCv2DYtxr5U
wCv2DYtxr5U_4770000,wCv2DYtxr5U
wCv2DYtxr5U_4830000,wCv2DYtxr5U
wCv2DYtxr5U_4860000,wCv2DYtxr5U
wCv2DYtxr5U_4920000,wCv2DYtxr5U
wCv2DYtxr5U_4950000,wCv2DYtxr5U
wCv2DYtxr5U_4980000,wCv2DYtxr5U
wCv2DYtxr5U_5010000,wCv2DYtxr5U
wCv2DYtxr5U_5040000,wCv2DYtxr5U
wCv2DYtxr5U_5100000,wCv2DYtxr5U
wCv2DYtxr5U_5130000,wCv2DYtxr5U
wCv2DYtxr5U_5160000,wCv2DYtxr5U
wCv2DYtxr5U_5190000,wCv2DYtxr5U
wCv2DYtxr5U_5250000,wCv2DYtxr5U
wCv2DYtxr5U_5280000,wCv2DYtxr5U
wCv2DYtxr5U_5310000,wCv2DYtxr5U
wCv2DYtxr5U_5340000,wCv2DYtxr5U
wCv2DYtxr5U_6210000,wCv2DYtxr5U
wCv2DYtxr5U_6240000,wCv2DYtxr5U
wCv2DYtxr5U_6270000,wCv2DYtxr5U
wCv2DYtxr5U_6300000,wCv2DYtxr5U
wCv2DYtxr5U_6360000,wCv2DYtxr5U
wCv2DYtxr5U_6390000,wCv2DYtxr5U
wCv2DYtxr5U_6510000,wCv2DYtxr5U
wCv2DYtxr5U_6540000,wCv2DYtxr5U
wCv2DYtxr5U_6570000,wCv2DYtxr5U
wCv2DYtxr5U_6600000,wCv2DYtxr5U
wCv2DYtxr5U_6630000,wCv2DYtxr5U
wCv2DYtxr5U_6720000,wCv2DYtxr5U
wCv2DYtxr5U_6780000,wCv2DYtxr5U
wCv2DYtxr5U_6810000,wCv2DYtxr5U
wCv2DYtxr5U_6840000,wCv2DYtxr5U
wCv2DYtxr5U_6870000,wCv2DYtxr5U
wCv2DYtxr5U_6900000,wCv2DYtxr5U
wCv2DYtxr5U_6930000,wCv2DYtxr5U
wCv2DYtxr5U_6990000,wCv2DYtxr5U
wCv2DYtxr5U_7020000,wCv2DYtxr5U
wCv2DYtxr5U_7050000,wCv2DYtxr5U
wCv2DYtxr5U_7080000,wCv2DYtxr5U
wCv2DYtxr5U_7110000,wCv2DYtxr5U
wCv2DYtxr5U_7140000,wCv2DYtxr5U
wCv2DYtxr5U_7170000,wCv2DYtxr5U
wCv2DYtxr5U_7200000,wCv2DYtxr5U
wCv2DYtxr5U_7230000,wCv2DYtxr5U
wCv2DYtxr5U_7260000,wCv2DYtxr5U
wCv2DYtxr5U_7290000,wCv2DYtxr5U
wCv2DYtxr5U_7350000,wCv2DYtxr5U
wCv2DYtxr5U_7440000,wCv2DYtxr5U
wCv2DYtxr5U_7500000,wCv2DYtxr5U
wCv2DYtxr5U_7530000,wCv2DYtxr5U
wCv2DYtxr5U_7590000,wCv2DYtxr5U
wCv2DYtxr5U_7620000,wCv2DYtxr5U
wCv2DYtxr5U_7650000,wCv2DYtxr5U
wCv2DYtxr5U_7740000,wCv2DYtxr5U
wCv2DYtxr5U_7770000,wCv2DYtxr5U
wCv2DYtxr5U_7800000,wCv2DYtxr5U
wCv2DYtxr5U_7830000,wCv2DYtxr5U
wCv2DYtxr5U_7860000,wCv2DYtxr5U
wCv2DYtxr5U_7920000,wCv2DYtxr5U
wCv2DYtxr5U_7980000,wCv2DYtxr5U
wCv2DYtxr5U_8070000,wCv2DYtxr5U
wCv2DYtxr5U_8160000,wCv2DYtxr5U
wCv2DYtxr5U_8190000,wCv2DYtxr5U
wCv2DYtxr5U_8220000,wCv2DYtxr5U
wCv2DYtxr5U_8250000,wCv2DYtxr5U
wCv2DYtxr5U_8310000,wCv2DYtxr5U
wCv2DYtxr5U_8340000,wCv2DYtxr5U
wCv2DYtxr5U_8370000,wCv2DYtxr5U
wCv2DYtxr5U_8460000,wCv2DYtxr5U
wCv2DYtxr5U_8520000,wCv2DYtxr5U
wCv2DYtxr5U_8580000,wCv2DYtxr5U
wCv2DYtxr5U_8610000,wCv2DYtxr5U
wCv2DYtxr5U_8670000,wCv2DYtxr5U
wCv2DYtxr5U_8700000,wCv2DYtxr5U
wCv2DYtxr5U_8730000,wCv2DYtxr5U
wCv2DYtxr5U_8790000,wCv2DYtxr5U
wCv2DYtxr5U_8820000,wCv2DYtxr5U
wCv2DYtxr5U_8850000,wCv2DYtxr5U
wCv2DYtxr5U_8880000,wCv2DYtxr5U
wCv2DYtxr5U_8970000,wCv2DYtxr5U
wCv2DYtxr5U_9000000,wCv2DYtxr5U
wCv2DYtxr5U_9030000,wCv2DYtxr5U
wCv2DYtxr5U_9060000,wCv2DYtxr5U
wCv2DYtxr5U_9090000,wCv2DYtxr5U
wCv2DYtxr5U_9120000,wCv2DYtxr5U
wCv2DYtxr5U_9870000,wCv2DYtxr5U
wCv2DYtxr5U_9900000,wCv2DYtxr5U
wCv2DYtxr5U_9930000,wCv2DYtxr5U
wCv2DYtxr5U_9960000,wCv2DYtxr5U
wCv2DYtxr5U_9990000,wCv2DYtxr5U

